idx,k0,seed,M,arm,response_err
0,4,0,2,retrain,1.016236986748139
0,4,0,2,clip,1.1342691267788776
0,4,0,4,retrain,0.6558522881376728
0,4,0,4,clip,1.1078465937725972
0,4,0,8,retrain,0.365777435221286
0,4,0,8,clip,0.6997934631554832
0,4,0,12,retrain,0.26840693026889245
0,4,0,12,clip,0.546957100203465
0,4,0,16,retrain,0.4778304617561436
0,4,0,16,clip,0.4778304617561436
0,4,1,2,retrain,0.8996208728121541
0,4,1,2,clip,1.1917174932345704
0,4,1,4,retrain,0.6320951825932725
0,4,1,4,clip,1.1173370045145854
0,4,1,8,retrain,0.3210489881308248
0,4,1,8,clip,0.6751700354733153
0,4,1,12,retrain,0.27783091232200313
0,4,1,12,clip,0.5365419269234795
0,4,1,16,retrain,0.4650646570885668
0,4,1,16,clip,0.4650646570885668
0,4,2,2,retrain,0.9865406166825751
0,4,2,2,clip,1.188212482301738
0,4,2,4,retrain,0.6488541410102148
0,4,2,4,clip,1.138608888842323
0,4,2,8,retrain,0.3236792675891557
0,4,2,8,clip,0.69584978522628
0,4,2,12,retrain,0.2945396492634125
0,4,2,12,clip,0.5579999832427645
0,4,2,16,retrain,0.4841678152573786
0,4,2,16,clip,0.4841678152573786
1,2,0,2,retrain,1.1567084436156578
1,2,0,2,clip,0.9625222486335994
1,2,0,4,retrain,0.4745772139484381
1,2,0,4,clip,0.8828207574869118
1,2,0,8,retrain,0.217119711667502
1,2,0,8,clip,0.6868643109044191
1,2,0,12,retrain,0.20538103648389902
1,2,0,12,clip,0.6413634804239173
1,2,0,16,retrain,0.6044118076740863
1,2,0,16,clip,0.6044118076740863
1,2,1,2,retrain,1.2179308177744526
1,2,1,2,clip,1.022883976981156
1,2,1,4,retrain,0.4328773926031613
1,2,1,4,clip,0.9656016029894499
1,2,1,8,retrain,0.20733128248989469
1,2,1,8,clip,0.8093987243141997
1,2,1,12,retrain,0.33565131207301907
1,2,1,12,clip,0.7527199520124952
1,2,1,16,retrain,0.7115188098978061
1,2,1,16,clip,0.7115188098978061
1,2,2,2,retrain,1.0163792543567938
1,2,2,2,clip,0.9716434876022371
1,2,2,4,retrain,0.4551383804965176
1,2,2,4,clip,0.8475510983274095
1,2,2,8,retrain,0.2100946019012397
1,2,2,8,clip,0.6715660651116403
1,2,2,12,retrain,0.1666906639422642
1,2,2,12,clip,0.6246373994257501
1,2,2,16,retrain,0.5850764424835292
1,2,2,16,clip,0.5850764424835292
2,-3,0,2,retrain,1.0559013162468607
2,-3,0,2,clip,1.1064358564275005
2,-3,0,4,retrain,0.5960716037947912
2,-3,0,4,clip,1.0027065419468937
2,-3,0,8,retrain,0.3287608897364027
2,-3,0,8,clip,0.6482664024686726
2,-3,0,12,retrain,0.22781485988562958
2,-3,0,12,clip,0.5457994757899628
2,-3,0,16,retrain,0.5002537826819018
2,-3,0,16,clip,0.5002537826819018
2,-3,1,2,retrain,1.0750776399740176
2,-3,1,2,clip,1.1730944523135456
2,-3,1,4,retrain,0.5799208831162388
2,-3,1,4,clip,1.081913113142706
2,-3,1,8,retrain,0.3423744869349907
2,-3,1,8,clip,0.7280052108193916
2,-3,1,12,retrain,0.3548633430213851
2,-3,1,12,clip,0.6456770348258036
2,-3,1,16,retrain,0.6027502356852082
2,-3,1,16,clip,0.6027502356852082
2,-3,2,2,retrain,1.0697206521418055
2,-3,2,2,clip,1.1599451712545876
2,-3,2,4,retrain,0.6508389809658299
2,-3,2,4,clip,1.1104788776977461
2,-3,2,8,retrain,0.2808667921429544
2,-3,2,8,clip,0.7356141301264735
2,-3,2,12,retrain,0.25886687651244317
2,-3,2,12,clip,0.6586087197074352
2,-3,2,16,retrain,0.6136154420615482
2,-3,2,16,clip,0.6136154420615482
3,-2,0,2,retrain,1.074938821379086
3,-2,0,2,clip,1.0591421759367887
3,-2,0,4,retrain,0.4320324129771293
3,-2,0,4,clip,0.9590429866530034
3,-2,0,8,retrain,0.19833826793690093
3,-2,0,8,clip,0.7467713074311606
3,-2,0,12,retrain,0.1964033595791627
3,-2,0,12,clip,0.6943194564760062
3,-2,0,16,retrain,0.6555953282073353
3,-2,0,16,clip,0.6555953282073353
3,-2,1,2,retrain,0.9114768509572129
3,-2,1,2,clip,1.0873871337715713
3,-2,1,4,retrain,0.5104145838033074
3,-2,1,4,clip,0.9828352968214885
3,-2,1,8,retrain,0.19027775640454814
3,-2,1,8,clip,0.7595823290776326
3,-2,1,12,retrain,0.25186022453209483
3,-2,1,12,clip,0.7134779267796189
3,-2,1,16,retrain,0.674320173337369
3,-2,1,16,clip,0.674320173337369
3,-2,2,2,retrain,1.061500655063507
3,-2,2,2,clip,1.0554525889689361
3,-2,2,4,retrain,0.49077881190401823
3,-2,2,4,clip,0.9696726405666072
3,-2,2,8,retrain,0.18073338449340906
3,-2,2,8,clip,0.7442479681893643
3,-2,2,12,retrain,0.18740747577599287
3,-2,2,12,clip,0.6876896120015227
3,-2,2,16,retrain,0.6514393232980003
3,-2,2,16,clip,0.6514393232980003
4,-3,0,2,retrain,0.9870456884938542
4,-3,0,2,clip,1.0626008994271325
4,-3,0,4,retrain,0.515416512053555
4,-3,0,4,clip,0.9713043199544379
4,-3,0,8,retrain,0.27806217965158425
4,-3,0,8,clip,0.7155723633636724
4,-3,0,12,retrain,0.23838248936871256
4,-3,0,12,clip,0.6181690492888505
4,-3,0,16,retrain,0.5627364731899561
4,-3,0,16,clip,0.5627364731899561
4,-3,1,2,retrain,0.8979687638493726
4,-3,1,2,clip,1.0888441161594367
4,-3,1,4,retrain,0.5392244186841989
4,-3,1,4,clip,1.014921277815684
4,-3,1,8,retrain,0.29139062573285573
4,-3,1,8,clip,0.7515777566742777
4,-3,1,12,retrain,0.276857760131156
4,-3,1,12,clip,0.6704158090484743
4,-3,1,16,retrain,0.6204883090403719
4,-3,1,16,clip,0.6204883090403719
4,-3,2,2,retrain,1.0561166160034607
4,-3,2,2,clip,1.0726510773401874
4,-3,2,4,retrain,0.578296256997493
4,-3,2,4,clip,1.005046907104638
4,-3,2,8,retrain,0.26032647649147267
4,-3,2,8,clip,0.73095209745206
4,-3,2,12,retrain,0.2531207032476531
4,-3,2,12,clip,0.6555063834340887
4,-3,2,16,retrain,0.6031350758741716
4,-3,2,16,clip,0.6031350758741716
5,3,0,2,retrain,0.9749789901660062
5,3,0,2,clip,1.1065141171410564
5,3,0,4,retrain,0.6151027712271878
5,3,0,4,clip,1.0468782040574476
5,3,0,8,retrain,0.29515217007738404
5,3,0,8,clip,0.7181831269529437
5,3,0,12,retrain,0.2956333565621736
5,3,0,12,clip,0.6024018883413708
5,3,0,16,retrain,0.5448756408745015
5,3,0,16,clip,0.5448756408745015
5,3,1,2,retrain,0.9767777709967663
5,3,1,2,clip,1.120376427001606
5,3,1,4,retrain,0.6051305644804386
5,3,1,4,clip,1.0364146379019101
5,3,1,8,retrain,0.27924867839844775
5,3,1,8,clip,0.6735077136339165
5,3,1,12,retrain,0.2749690357104207
5,3,1,12,clip,0.549815321487805
5,3,1,16,retrain,0.491615128718333
5,3,1,16,clip,0.491615128718333
5,3,2,2,retrain,1.0200748128067723
5,3,2,2,clip,1.0882814367429177
5,3,2,4,retrain,0.5843300368510194
5,3,2,4,clip,1.0543260421046612
5,3,2,8,retrain,0.2900821850504447
5,3,2,8,clip,0.707956269871491
5,3,2,12,retrain,0.29568153502526506
5,3,2,12,clip,0.5896513498128263
5,3,2,16,retrain,0.5310015321932402
5,3,2,16,clip,0.5310015321932402
6,0,0,2,retrain,0.9231331318507764
6,0,0,2,clip,1.0329742860610482
6,0,0,4,retrain,0.4460393726032713
6,0,0,4,clip,0.9268138323841351
6,0,0,8,retrain,0.1831844143511614
6,0,0,8,clip,0.7755998492432967
6,0,0,12,retrain,0.21898595582083508
6,0,0,12,clip,0.7290857266873694
6,0,0,16,retrain,0.6907901033413524
6,0,0,16,clip,0.6907901033413524
6,0,1,2,retrain,0.8754260988345328
6,0,1,2,clip,1.053432060784811
6,0,1,4,retrain,0.43449227192300904
6,0,1,4,clip,0.9364014624698191
6,0,1,8,retrain,0.15631415455709619
6,0,1,8,clip,0.7889848155212986
6,0,1,12,retrain,0.26065788345535473
6,0,1,12,clip,0.7412704276828096
6,0,1,16,retrain,0.699241862408132
6,0,1,16,clip,0.699241862408132
6,0,2,2,retrain,0.9667334244115764
6,0,2,2,clip,0.9953399328161882
6,0,2,4,retrain,0.4603699669640099
6,0,2,4,clip,0.848666383171008
6,0,2,8,retrain,0.1783267967118246
6,0,2,8,clip,0.6903482564546713
6,0,2,12,retrain,0.1453624993857347
6,0,2,12,clip,0.645534689874246
6,0,2,16,retrain,0.6078831175602553
6,0,2,16,clip,0.6078831175602553
7,4,0,2,retrain,0.9798840538032982
7,4,0,2,clip,1.118932782487194
7,4,0,4,retrain,0.6458824813333007
7,4,0,4,clip,1.0762255183239513
7,4,0,8,retrain,0.33762869002880136
7,4,0,8,clip,0.6893017992937356
7,4,0,12,retrain,0.2717196533293155
7,4,0,12,clip,0.5461557855176213
7,4,0,16,retrain,0.47660683316766683
7,4,0,16,clip,0.47660683316766683
7,4,1,2,retrain,0.8823824254877712
7,4,1,2,clip,1.1814749543387069
7,4,1,4,retrain,0.6619272577442983
7,4,1,4,clip,1.1068859324798896
7,4,1,8,retrain,0.3175139148304407
7,4,1,8,clip,0.7115441403546376
7,4,1,12,retrain,0.30261070888979397
7,4,1,12,clip,0.5885258827021936
7,4,1,16,retrain,0.5193857035039418
7,4,1,16,clip,0.5193857035039418
7,4,2,2,retrain,1.0257180928339917
7,4,2,2,clip,1.1500526790837087
7,4,2,4,retrain,0.6255085394775838
7,4,2,4,clip,1.1232614721704453
7,4,2,8,retrain,0.31632719857447733
7,4,2,8,clip,0.6960362352126714
7,4,2,12,retrain,0.30611348033393077
7,4,2,12,clip,0.5696448572547911
7,4,2,16,retrain,0.49690910875475947
7,4,2,16,clip,0.49690910875475947
8,-4,0,2,retrain,0.9973559905546375
8,-4,0,2,clip,1.117505249937949
8,-4,0,4,retrain,0.6464153827781608
8,-4,0,4,clip,1.093888411741377
8,-4,0,8,retrain,0.3265141268577805
8,-4,0,8,clip,0.6851001334888408
8,-4,0,12,retrain,0.27364633362995555
8,-4,0,12,clip,0.5420550358516993
8,-4,0,16,retrain,0.4712512885945473
8,-4,0,16,clip,0.4712512885945473
8,-4,1,2,retrain,0.9465809148243605
8,-4,1,2,clip,1.1614834975013963
8,-4,1,4,retrain,0.6074027286276302
8,-4,1,4,clip,1.1041011299310952
8,-4,1,8,retrain,0.3468545255937975
8,-4,1,8,clip,0.6457877443919064
8,-4,1,12,retrain,0.28852649358377386
8,-4,1,12,clip,0.5307139567243645
8,-4,1,16,retrain,0.46222777111602364
8,-4,1,16,clip,0.46222777111602364
8,-4,2,2,retrain,1.0042235068767522
8,-4,2,2,clip,1.1459912634914595
8,-4,2,4,retrain,0.6281714947183599
8,-4,2,4,clip,1.0980592807768261
8,-4,2,8,retrain,0.31325322485985657
8,-4,2,8,clip,0.6680383789956628
8,-4,2,12,retrain,0.2814131583310975
8,-4,2,12,clip,0.5363406101944507
8,-4,2,16,retrain,0.4609515225803995
8,-4,2,16,clip,0.4609515225803995
9,3,0,2,retrain,1.159376358363669
9,3,0,2,clip,1.0649558753615025
9,3,0,4,retrain,0.5364955100101076
9,3,0,4,clip,0.9886118258362693
9,3,0,8,retrain,0.2855790895189938
9,3,0,8,clip,0.6893610968870917
9,3,0,12,retrain,0.2369338991594398
9,3,0,12,clip,0.6109394689892854
9,3,0,16,retrain,0.5751080502092518
9,3,0,16,clip,0.5751080502092518
9,3,1,2,retrain,1.0223554021114352
9,3,1,2,clip,1.1235525955087926
9,3,1,4,retrain,0.5278367911900259
9,3,1,4,clip,1.030651306301298
9,3,1,8,retrain,0.23296535050753484
9,3,1,8,clip,0.7155066426394
9,3,1,12,retrain,0.28947462442966043
9,3,1,12,clip,0.6432585058971386
9,3,1,16,retrain,0.6022087830063042
9,3,1,16,clip,0.6022087830063042
9,3,2,2,retrain,0.9840503173774373
9,3,2,2,clip,1.122484905796226
9,3,2,4,retrain,0.5232653048062081
9,3,2,4,clip,1.0528239094925174
9,3,2,8,retrain,0.23015711431745803
9,3,2,8,clip,0.7291644668704762
9,3,2,12,retrain,0.20489597383714883
9,3,2,12,clip,0.6547160457764151
9,3,2,16,retrain,0.6096604888950773
9,3,2,16,clip,0.6096604888950773
10,0,0,2,retrain,0.9627985280132298
10,0,0,2,clip,1.0017291356153075
10,0,0,4,retrain,0.4746038827749038
10,0,0,4,clip,0.887317410802879
10,0,0,8,retrain,0.22557324158977288
10,0,0,8,clip,0.7402802801298436
10,0,0,12,retrain,0.20854465997675184
10,0,0,12,clip,0.6832336321429708
10,0,0,16,retrain,0.641082256943343
10,0,0,16,clip,0.641082256943343
10,0,1,2,retrain,0.914219167031829
10,0,1,2,clip,1.0411952401241238
10,0,1,4,retrain,0.4392422857621367
10,0,1,4,clip,0.9006845210846505
10,0,1,8,retrain,0.20884035428422276
10,0,1,8,clip,0.7359321243720446
10,0,1,12,retrain,0.2632908419493663
10,0,1,12,clip,0.685788790654645
10,0,1,16,retrain,0.6417667547569985
10,0,1,16,clip,0.6417667547569985
10,0,2,2,retrain,0.8060665004966107
10,0,2,2,clip,0.9710748060160573
10,0,2,4,retrain,0.4440014639606676
10,0,2,4,clip,0.8255565536807814
10,0,2,8,retrain,0.19308233781413528
10,0,2,8,clip,0.6527539885739524
10,0,2,12,retrain,0.15244209252085378
10,0,2,12,clip,0.5980607292019844
10,0,2,16,retrain,0.5575295065707025
10,0,2,16,clip,0.5575295065707025
11,-2,0,2,retrain,1.038927507611679
11,-2,0,2,clip,1.055904054125793
11,-2,0,4,retrain,0.5829675848293128
11,-2,0,4,clip,0.93175054430203
11,-2,0,8,retrain,0.23965368332534762
11,-2,0,8,clip,0.6764516298519769
11,-2,0,12,retrain,0.20964662397788209
11,-2,0,12,clip,0.6134257675368785
11,-2,0,16,retrain,0.5760569575445758
11,-2,0,16,clip,0.5760569575445758
11,-2,1,2,retrain,0.9835701375892089
11,-2,1,2,clip,1.0981886431592316
11,-2,1,4,retrain,0.5187597615629025
11,-2,1,4,clip,0.9816792638505979
11,-2,1,8,retrain,0.2683509637062498
11,-2,1,8,clip,0.7192889666014225
11,-2,1,12,retrain,0.3144838217316134
11,-2,1,12,clip,0.6644337136948809
11,-2,1,16,retrain,0.6244157433399469
11,-2,1,16,clip,0.6244157433399469
11,-2,2,2,retrain,0.9973468218639562
11,-2,2,2,clip,1.0961980129043984
11,-2,2,4,retrain,0.5509099455352061
11,-2,2,4,clip,0.9784275988616081
11,-2,2,8,retrain,0.21276879398588608
11,-2,2,8,clip,0.7087701410236968
11,-2,2,12,retrain,0.2352913339397626
11,-2,2,12,clip,0.6454067184872949
11,-2,2,16,retrain,0.6070222224930187
11,-2,2,16,clip,0.6070222224930187
12,4,0,2,retrain,1.026204079424561
12,4,0,2,clip,1.1406268819785432
12,4,0,4,retrain,0.7049479232753264
12,4,0,4,clip,1.1428096479192038
12,4,0,8,retrain,0.43628820872204216
12,4,0,8,clip,0.7541779581786875
12,4,0,12,retrain,0.4026264267900726
12,4,0,12,clip,0.6175816296031592
12,4,0,16,retrain,0.565467692701493
12,4,0,16,clip,0.565467692701493
12,4,1,2,retrain,0.9907488721376894
12,4,1,2,clip,1.1775520024582697
12,4,1,4,retrain,0.7343965817307121
12,4,1,4,clip,1.1419495954030665
12,4,1,8,retrain,0.396653591760582
12,4,1,8,clip,0.6791211906518867
12,4,1,12,retrain,0.3812414987360824
12,4,1,12,clip,0.5382715400995081
12,4,1,16,retrain,0.4883880024895476
12,4,1,16,clip,0.4883880024895476
12,4,2,2,retrain,1.04226381909205
12,4,2,2,clip,1.151842783627841
12,4,2,4,retrain,0.7122185832912897
12,4,2,4,clip,1.1496555247619036
12,4,2,8,retrain,0.4271101889954562
12,4,2,8,clip,0.7199497950256685
12,4,2,12,retrain,0.4007239765894197
12,4,2,12,clip,0.5891924521164952
12,4,2,16,retrain,0.5310524337242889
12,4,2,16,clip,0.5310524337242889
13,0,0,2,retrain,0.9721957541767509
13,0,0,2,clip,1.0464931839862495
13,0,0,4,retrain,0.49701597140404347
13,0,0,4,clip,0.9097120649722034
13,0,0,8,retrain,0.208328136358422
13,0,0,8,clip,0.7323050805115946
13,0,0,12,retrain,0.2194410399609353
13,0,0,12,clip,0.6775764353365471
13,0,0,16,retrain,0.6389169386685492
13,0,0,16,clip,0.6389169386685492
13,0,1,2,retrain,0.8925464703915419
13,0,1,2,clip,1.0754269409015513
13,0,1,4,retrain,0.4441870204073926
13,0,1,4,clip,0.9127923406575066
13,0,1,8,retrain,0.17086429633735092
13,0,1,8,clip,0.7243326628638898
13,0,1,12,retrain,0.2611494912635986
13,0,1,12,clip,0.6676046436543654
13,0,1,16,retrain,0.6269064536879639
13,0,1,16,clip,0.6269064536879639
13,0,2,2,retrain,0.9227450959320083
13,0,2,2,clip,1.026499826044999
13,0,2,4,retrain,0.48223090482911873
13,0,2,4,clip,0.8911760481599468
13,0,2,8,retrain,0.20691046767472587
13,0,2,8,clip,0.7075385328819896
13,0,2,12,retrain,0.18884198914043193
13,0,2,12,clip,0.6510573212257921
13,0,2,16,retrain,0.6127083677701817
13,0,2,16,clip,0.6127083677701817
14,-1,0,2,retrain,1.1499078198367867
14,-1,0,2,clip,1.0646616512680322
14,-1,0,4,retrain,0.504616112742528
14,-1,0,4,clip,0.9397257765855267
14,-1,0,8,retrain,0.19321844362523485
14,-1,0,8,clip,0.7035394375628821
14,-1,0,12,retrain,0.19755131562802275
14,-1,0,12,clip,0.6471306857009352
14,-1,0,16,retrain,0.6079155928855684
14,-1,0,16,clip,0.6079155928855684
14,-1,1,2,retrain,1.041242479285224
14,-1,1,2,clip,1.10109959374512
14,-1,1,4,retrain,0.4583807265693854
14,-1,1,4,clip,0.9642809697946173
14,-1,1,8,retrain,0.24533211406913133
14,-1,1,8,clip,0.748200139200433
14,-1,1,12,retrain,0.31379745626697614
14,-1,1,12,clip,0.6962574346100706
14,-1,1,16,retrain,0.6545156295715746
14,-1,1,16,clip,0.6545156295715746
14,-1,2,2,retrain,1.0847074917098445
14,-1,2,2,clip,1.1246021934479513
14,-1,2,4,retrain,0.5118689727964065
14,-1,2,4,clip,1.000652458654894
14,-1,2,8,retrain,0.18408467130519712
14,-1,2,8,clip,0.7818479839763476
14,-1,2,12,retrain,0.2263455053642082
14,-1,2,12,clip,0.7295642072156506
14,-1,2,16,retrain,0.6884127642281624
14,-1,2,16,clip,0.6884127642281624
15,0,0,2,retrain,0.8929546688399663
15,0,0,2,clip,1.122033167947845
15,0,0,4,retrain,0.4546513080536309
15,0,0,4,clip,0.9379361036977503
15,0,0,8,retrain,0.22140261865838431
15,0,0,8,clip,0.731371280093267
15,0,0,12,retrain,0.21310596743349078
15,0,0,12,clip,0.6856489470203464
15,0,0,16,retrain,0.6459790014393127
15,0,0,16,clip,0.6459790014393127
15,0,1,2,retrain,0.9633994188440534
15,0,1,2,clip,1.1529734789130786
15,0,1,4,retrain,0.4765403082632255
15,0,1,4,clip,0.9358473017415155
15,0,1,8,retrain,0.18254974099930016
15,0,1,8,clip,0.7484032910412
15,0,1,12,retrain,0.2668302456645404
15,0,1,12,clip,0.6947154184704514
15,0,1,16,retrain,0.6559067543275895
15,0,1,16,clip,0.6559067543275895
15,0,2,2,retrain,0.9624770616830132
15,0,2,2,clip,1.0838723640255203
15,0,2,4,retrain,0.5007097323443864
15,0,2,4,clip,0.9001992395054996
15,0,2,8,retrain,0.1976218230712081
15,0,2,8,clip,0.7026051158446237
15,0,2,12,retrain,0.1998039834305621
15,0,2,12,clip,0.649908070930732
15,0,2,16,retrain,0.6122709423825892
15,0,2,16,clip,0.6122709423825892
16,1,0,2,retrain,1.2729965338377978
16,1,0,2,clip,1.0068352277429433
16,1,0,4,retrain,0.4858715711751882
16,1,0,4,clip,0.867367553047361
16,1,0,8,retrain,0.21325214773377765
16,1,0,8,clip,0.6995120034936281
16,1,0,12,retrain,0.2142761303341976
16,1,0,12,clip,0.6556733411182981
16,1,0,16,retrain,0.6194177097617601
16,1,0,16,clip,0.6194177097617601
16,1,1,2,retrain,1.0485177338205387
16,1,1,2,clip,1.0580880848493688
16,1,1,4,retrain,0.4356884715596128
16,1,1,4,clip,0.9214156779324372
16,1,1,8,retrain,0.2646280161945188
16,1,1,8,clip,0.7618967220573797
16,1,1,12,retrain,0.32445219368382033
16,1,1,12,clip,0.7135175396269223
16,1,1,16,retrain,0.6757504534942516
16,1,1,16,clip,0.6757504534942516
16,1,2,2,retrain,1.0970900080892891
16,1,2,2,clip,1.0251304590421426
16,1,2,4,retrain,0.5272880931826789
16,1,2,4,clip,0.8993113911347057
16,1,2,8,retrain,0.23277862441400748
16,1,2,8,clip,0.7358973578965259
16,1,2,12,retrain,0.23995940476688174
16,1,2,12,clip,0.6918519389983199
16,1,2,16,retrain,0.6563572955977851
16,1,2,16,clip,0.6563572955977851
17,-1,0,2,retrain,0.9369121394493343
17,-1,0,2,clip,0.9882380207017774
17,-1,0,4,retrain,0.4105029669188892
17,-1,0,4,clip,0.857784910743343
17,-1,0,8,retrain,0.16869426638108592
17,-1,0,8,clip,0.7127100668516528
17,-1,0,12,retrain,0.17073350918404195
17,-1,0,12,clip,0.6731936776311223
17,-1,0,16,retrain,0.6370313685122978
17,-1,0,16,clip,0.6370313685122978
17,-1,1,2,retrain,1.0152759010127015
17,-1,1,2,clip,1.0306927861516837
17,-1,1,4,retrain,0.41891627944296894
17,-1,1,4,clip,0.925795937414877
17,-1,1,8,retrain,0.18352396086126557
17,-1,1,8,clip,0.8079609838974012
17,-1,1,12,retrain,0.29748184356136936
17,-1,1,12,clip,0.7634747700243438
17,-1,1,16,retrain,0.7214352851001227
17,-1,1,16,clip,0.7214352851001227
17,-1,2,2,retrain,0.7426738962655847
17,-1,2,2,clip,0.9683245623588571
17,-1,2,4,retrain,0.3879302084070909
17,-1,2,4,clip,0.8380712008357727
17,-1,2,8,retrain,0.14333503131488437
17,-1,2,8,clip,0.6884447620472772
17,-1,2,12,retrain,0.13873809680029858
17,-1,2,12,clip,0.6546672158050055
17,-1,2,16,retrain,0.6162439260219459
17,-1,2,16,clip,0.6162439260219459
18,-2,0,2,retrain,1.1029115703717272
18,-2,0,2,clip,1.0093477807521833
18,-2,0,4,retrain,0.5329779939178627
18,-2,0,4,clip,0.9675062187789244
18,-2,0,8,retrain,0.2872587928311941
18,-2,0,8,clip,0.7192515624272695
18,-2,0,12,retrain,0.2484146936844843
18,-2,0,12,clip,0.6515778199608718
18,-2,0,16,retrain,0.6083090199957495
18,-2,0,16,clip,0.6083090199957495
18,-2,1,2,retrain,1.0214374632825165
18,-2,1,2,clip,1.0543364119672503
18,-2,1,4,retrain,0.5048826950456903
18,-2,1,4,clip,1.0075408731827236
18,-2,1,8,retrain,0.3061439932755722
18,-2,1,8,clip,0.7536181690914365
18,-2,1,12,retrain,0.33523357643990204
18,-2,1,12,clip,0.6855699210292779
18,-2,1,16,retrain,0.6425616969224357
18,-2,1,16,clip,0.6425616969224357
18,-2,2,2,retrain,1.0012182035038653
18,-2,2,2,clip,1.0303253641602108
18,-2,2,4,retrain,0.5069764728570099
18,-2,2,4,clip,0.992984169354407
18,-2,2,8,retrain,0.2593283535346065
18,-2,2,8,clip,0.7444865191427925
18,-2,2,12,retrain,0.2733040077964972
18,-2,2,12,clip,0.6763318930351636
18,-2,2,16,retrain,0.6318920359627481
18,-2,2,16,clip,0.6318920359627481
19,-4,0,2,retrain,1.094080474455794
19,-4,0,2,clip,1.055772945562354
19,-4,0,4,retrain,0.6654231157817263
19,-4,0,4,clip,1.0320000266592764
19,-4,0,8,retrain,0.4209110173304943
19,-4,0,8,clip,0.7013176316173989
19,-4,0,12,retrain,0.3252951779293564
19,-4,0,12,clip,0.5781269665607838
19,-4,0,16,retrain,0.526485567292677
19,-4,0,16,clip,0.526485567292677
19,-4,1,2,retrain,0.9700670127993728
19,-4,1,2,clip,1.1087107015521878
19,-4,1,4,retrain,0.6235178314003338
19,-4,1,4,clip,1.078693785681982
19,-4,1,8,retrain,0.4091599195017919
19,-4,1,8,clip,0.7221377753833549
19,-4,1,12,retrain,0.3697117835445596
19,-4,1,12,clip,0.6092070415250973
19,-4,1,16,retrain,0.5562182181053854
19,-4,1,16,clip,0.5562182181053854
19,-4,2,2,retrain,0.9486129572430062
19,-4,2,2,clip,1.0981633151334689
19,-4,2,4,retrain,0.5967862057743862
19,-4,2,4,clip,1.095328776017105
19,-4,2,8,retrain,0.39063872564516744
19,-4,2,8,clip,0.7355816812328295
19,-4,2,12,retrain,0.3335987118757153
19,-4,2,12,clip,0.6239962148818105
19,-4,2,16,retrain,0.5640110307701933
19,-4,2,16,clip,0.5640110307701933
20,-3,0,2,retrain,0.9543506169525774
20,-3,0,2,clip,1.0779398292406344
20,-3,0,4,retrain,0.5200259390632522
20,-3,0,4,clip,1.0121927217850326
20,-3,0,8,retrain,0.24846694969184488
20,-3,0,8,clip,0.653272454049762
20,-3,0,12,retrain,0.17097084323051773
20,-3,0,12,clip,0.5608740269078817
20,-3,0,16,retrain,0.5229804235613097
20,-3,0,16,clip,0.5229804235613097
20,-3,1,2,retrain,0.9272946812230766
20,-3,1,2,clip,1.1286210259159308
20,-3,1,4,retrain,0.5329253159414172
20,-3,1,4,clip,1.0054841815272881
20,-3,1,8,retrain,0.2105497834977557
20,-3,1,8,clip,0.6479121096122352
20,-3,1,12,retrain,0.22062571568448922
20,-3,1,12,clip,0.5723630885610664
20,-3,1,16,retrain,0.5321812011556528
20,-3,1,16,clip,0.5321812011556528
20,-3,2,2,retrain,0.998054428287307
20,-3,2,2,clip,1.1208947590056633
20,-3,2,4,retrain,0.5363600102099036
20,-3,2,4,clip,1.0257143336297907
20,-3,2,8,retrain,0.200273161735444
20,-3,2,8,clip,0.6574881139466343
20,-3,2,12,retrain,0.1799016633434772
20,-3,2,12,clip,0.5667614276727452
20,-3,2,16,retrain,0.5273469987321177
20,-3,2,16,clip,0.5273469987321177
21,2,0,2,retrain,1.066467326702995
21,2,0,2,clip,1.0070411907604313
21,2,0,4,retrain,0.5182464493446948
21,2,0,4,clip,0.9499973485644351
21,2,0,8,retrain,0.19211348247473886
21,2,0,8,clip,0.712272039988782
21,2,0,12,retrain,0.2054588950631708
21,2,0,12,clip,0.6449837528666774
21,2,0,16,retrain,0.607368917095677
21,2,0,16,clip,0.607368917095677
21,2,1,2,retrain,1.0846551745419242
21,2,1,2,clip,1.0482354823378068
21,2,1,4,retrain,0.5152311614715003
21,2,1,4,clip,0.9394597255504255
21,2,1,8,retrain,0.23658929389518243
21,2,1,8,clip,0.6877870422772441
21,2,1,12,retrain,0.25662392010136076
21,2,1,12,clip,0.6202654770546722
21,2,1,16,retrain,0.5819413810628072
21,2,1,16,clip,0.5819413810628072
21,2,2,2,retrain,1.065697412458352
21,2,2,2,clip,1.0712115091821082
21,2,2,4,retrain,0.5218138412770227
21,2,2,4,clip,0.9539460419078459
21,2,2,8,retrain,0.20314623646216415
21,2,2,8,clip,0.6967327593776993
21,2,2,12,retrain,0.20150331230378618
21,2,2,12,clip,0.6359284147872281
21,2,2,16,retrain,0.5958227855681594
21,2,2,16,clip,0.5958227855681594
22,1,0,2,retrain,1.0815887196579013
22,1,0,2,clip,1.0967757468628174
22,1,0,4,retrain,0.5118706514803777
22,1,0,4,clip,0.9561343462754172
22,1,0,8,retrain,0.2415164467512227
22,1,0,8,clip,0.7367436094653721
22,1,0,12,retrain,0.22750142087233274
22,1,0,12,clip,0.6740372600865224
22,1,0,16,retrain,0.6329002689427697
22,1,0,16,clip,0.6329002689427697
22,1,1,2,retrain,0.974396071569866
22,1,1,2,clip,1.132850445830788
22,1,1,4,retrain,0.5088089850259218
22,1,1,4,clip,0.9208511004984993
22,1,1,8,retrain,0.207383177586438
22,1,1,8,clip,0.7231341200876839
22,1,1,12,retrain,0.2833721461820875
22,1,1,12,clip,0.6572209601175043
22,1,1,16,retrain,0.6179173006336068
22,1,1,16,clip,0.6179173006336068
22,1,2,2,retrain,1.0651335371470183
22,1,2,2,clip,1.1810634511472338
22,1,2,4,retrain,0.5379242261854023
22,1,2,4,clip,1.0084267322125247
22,1,2,8,retrain,0.2451063920408372
22,1,2,8,clip,0.8046598258609284
22,1,2,12,retrain,0.2680566971853886
22,1,2,12,clip,0.7424259126042362
22,1,2,16,retrain,0.6988093707018203
22,1,2,16,clip,0.6988093707018203
23,1,0,2,retrain,1.2593131048365254
23,1,0,2,clip,1.016528507740054
23,1,0,4,retrain,0.5136381063161589
23,1,0,4,clip,0.9110033575940559
23,1,0,8,retrain,0.18214140384506855
23,1,0,8,clip,0.7308116527218778
23,1,0,12,retrain,0.2293697258415328
23,1,0,12,clip,0.6838428501432198
23,1,0,16,retrain,0.6476329211650893
23,1,0,16,clip,0.6476329211650893
23,1,1,2,retrain,1.0567095668920288
23,1,1,2,clip,1.058882345190184
23,1,1,4,retrain,0.47408834883336703
23,1,1,4,clip,0.9443191426245799
23,1,1,8,retrain,0.22324648350454032
23,1,1,8,clip,0.7475478119734826
23,1,1,12,retrain,0.28414919397449134
23,1,1,12,clip,0.6882394223076687
23,1,1,16,retrain,0.6505587026978104
23,1,1,16,clip,0.6505587026978104
23,1,2,2,retrain,1.1469144004591079
23,1,2,2,clip,1.0353168353267639
23,1,2,4,retrain,0.541235729222249
23,1,2,4,clip,0.9298570021149042
23,1,2,8,retrain,0.21293138467617995
23,1,2,8,clip,0.7513088737863741
23,1,2,12,retrain,0.23008672877925174
23,1,2,12,clip,0.6972001886927316
23,1,2,16,retrain,0.6572044991486138
23,1,2,16,clip,0.6572044991486138
24,0,0,2,retrain,0.9829829153056573
24,0,0,2,clip,0.9841362854301886
24,0,0,4,retrain,0.44454474992622817
24,0,0,4,clip,0.9177710460262806
24,0,0,8,retrain,0.20118607499130287
24,0,0,8,clip,0.7475875081571912
24,0,0,12,retrain,0.21826242495693773
24,0,0,12,clip,0.7022915561243406
24,0,0,16,retrain,0.6623956553425132
24,0,0,16,clip,0.6623956553425132
24,0,1,2,retrain,0.9225673814572599
24,0,1,2,clip,0.9947739085701619
24,0,1,4,retrain,0.4170309947532442
24,0,1,4,clip,0.9115262707089107
24,0,1,8,retrain,0.18179999782439435
24,0,1,8,clip,0.7606444639832212
24,0,1,12,retrain,0.26944309742541817
24,0,1,12,clip,0.7092365285185359
24,0,1,16,retrain,0.6670172143247244
24,0,1,16,clip,0.6670172143247244
24,0,2,2,retrain,0.864805344244425
24,0,2,2,clip,0.9230266662578738
24,0,2,4,retrain,0.4229821937188156
24,0,2,4,clip,0.8261770525031624
24,0,2,8,retrain,0.19243301926687503
24,0,2,8,clip,0.6656477245707229
24,0,2,12,retrain,0.13463863251809724
24,0,2,12,clip,0.6198411079645196
24,0,2,16,retrain,0.5799002141268629
24,0,2,16,clip,0.5799002141268629
25,3,0,2,retrain,0.9907784855927084
25,3,0,2,clip,1.1044991512943156
25,3,0,4,retrain,0.6714527012740509
25,3,0,4,clip,1.045289716583449
25,3,0,8,retrain,0.2779265619660101
25,3,0,8,clip,0.668851510807231
25,3,0,12,retrain,0.23399583841917113
25,3,0,12,clip,0.5406865603697699
25,3,0,16,retrain,0.48654256241398525
25,3,0,16,clip,0.48654256241398525
25,3,1,2,retrain,1.0338513122383157
25,3,1,2,clip,1.1541223970402263
25,3,1,4,retrain,0.6184779002850703
25,3,1,4,clip,1.0912224701099134
25,3,1,8,retrain,0.294774364711871
25,3,1,8,clip,0.6554602322871719
25,3,1,12,retrain,0.2557899331760032
25,3,1,12,clip,0.5225518408339487
25,3,1,16,retrain,0.4728441694077143
25,3,1,16,clip,0.4728441694077143
25,3,2,2,retrain,1.0179383505082693
25,3,2,2,clip,1.1402850066487726
25,3,2,4,retrain,0.6270025941534748
25,3,2,4,clip,1.0894663070879238
25,3,2,8,retrain,0.2515468128482604
25,3,2,8,clip,0.6820657149017605
25,3,2,12,retrain,0.2651059648647391
25,3,2,12,clip,0.5603387874802022
25,3,2,16,retrain,0.5071727157499674
25,3,2,16,clip,0.5071727157499674
26,3,0,2,retrain,1.0431975352085476
26,3,0,2,clip,1.1134465532776165
26,3,0,4,retrain,0.6442571603604755
26,3,0,4,clip,1.0463584704414886
26,3,0,8,retrain,0.3545786179388655
26,3,0,8,clip,0.7100219747325713
26,3,0,12,retrain,0.2995818278949837
26,3,0,12,clip,0.591874469485141
26,3,0,16,retrain,0.534485141287421
26,3,0,16,clip,0.534485141287421
26,3,1,2,retrain,0.9844578219469232
26,3,1,2,clip,1.11232015988504
26,3,1,4,retrain,0.5870491633385632
26,3,1,4,clip,1.0342319742443422
26,3,1,8,retrain,0.34101893453822674
26,3,1,8,clip,0.7354604410079036
26,3,1,12,retrain,0.33971932513301
26,3,1,12,clip,0.6250902416068581
26,3,1,16,retrain,0.5759149971019392
26,3,1,16,clip,0.5759149971019392
26,3,2,2,retrain,1.0144334395202634
26,3,2,2,clip,1.1207279755694544
26,3,2,4,retrain,0.6285039694207564
26,3,2,4,clip,1.0528150507480025
26,3,2,8,retrain,0.33487384089807865
26,3,2,8,clip,0.6966140369114662
26,3,2,12,retrain,0.32296702803625327
26,3,2,12,clip,0.5939998514284938
26,3,2,16,retrain,0.5399598566617452
26,3,2,16,clip,0.5399598566617452
27,1,0,2,retrain,1.2087566145384558
27,1,0,2,clip,1.045622612698885
27,1,0,4,retrain,0.45320925465899964
27,1,0,4,clip,0.9327573963667178
27,1,0,8,retrain,0.24528460743310113
27,1,0,8,clip,0.7491031020291222
27,1,0,12,retrain,0.23999198435160363
27,1,0,12,clip,0.6962935897780743
27,1,0,16,retrain,0.6597417989132616
27,1,0,16,clip,0.6597417989132616
27,1,1,2,retrain,1.0999051657964392
27,1,1,2,clip,1.1005035886017809
27,1,1,4,retrain,0.5363196328469154
27,1,1,4,clip,0.9475330031633324
27,1,1,8,retrain,0.21246055238936942
27,1,1,8,clip,0.7650184329353266
27,1,1,12,retrain,0.3104726120525254
27,1,1,12,clip,0.7148169363212956
27,1,1,16,retrain,0.6770007609694105
27,1,1,16,clip,0.6770007609694105
27,1,2,2,retrain,1.1799920484363542
27,1,2,2,clip,1.1479176778216469
27,1,2,4,retrain,0.5112469252668779
27,1,2,4,clip,1.01464655997072
27,1,2,8,retrain,0.23573415824843422
27,1,2,8,clip,0.8238664259208237
27,1,2,12,retrain,0.2497611818843127
27,1,2,12,clip,0.771442762315354
27,1,2,16,retrain,0.7286591145617923
27,1,2,16,clip,0.7286591145617923
28,3,0,2,retrain,1.0381714642914717
28,3,0,2,clip,1.053820269474445
28,3,0,4,retrain,0.5819926034924838
28,3,0,4,clip,1.0031728167005558
28,3,0,8,retrain,0.30030293279965664
28,3,0,8,clip,0.6933876840054457
28,3,0,12,retrain,0.25370654259863756
28,3,0,12,clip,0.6119714193225575
28,3,0,16,retrain,0.5648203677560788
28,3,0,16,clip,0.5648203677560788
28,3,1,2,retrain,0.9936552317962188
28,3,1,2,clip,1.0939422749676193
28,3,1,4,retrain,0.5459255250902448
28,3,1,4,clip,1.0075105580591293
28,3,1,8,retrain,0.29539386629781045
28,3,1,8,clip,0.7330459059794839
28,3,1,12,retrain,0.32471315126200184
28,3,1,12,clip,0.6501738650113271
28,3,1,16,retrain,0.6004946627774469
28,3,1,16,clip,0.6004946627774469
28,3,2,2,retrain,0.9993398192556283
28,3,2,2,clip,1.0939839703761873
28,3,2,4,retrain,0.5951945257576592
28,3,2,4,clip,1.045097424240239
28,3,2,8,retrain,0.3096277031982076
28,3,2,8,clip,0.7657111556956732
28,3,2,12,retrain,0.2862980788896462
28,3,2,12,clip,0.6839378879754583
28,3,2,16,retrain,0.6325439504098451
28,3,2,16,clip,0.6325439504098451
29,3,0,2,retrain,1.0918809372720688
29,3,0,2,clip,1.0717410646516417
29,3,0,4,retrain,0.5634300720952775
29,3,0,4,clip,1.0115853494961338
29,3,0,8,retrain,0.2532731028408558
29,3,0,8,clip,0.6751040670002327
29,3,0,12,retrain,0.22540106343798955
29,3,0,12,clip,0.5752883226080654
29,3,0,16,retrain,0.5303807968160441
29,3,0,16,clip,0.5303807968160441
29,3,1,2,retrain,0.9502356647408703
29,3,1,2,clip,1.113975318759624
29,3,1,4,retrain,0.5545123034347724
29,3,1,4,clip,1.0514918326116767
29,3,1,8,retrain,0.23185607418193796
29,3,1,8,clip,0.6990703736824927
29,3,1,12,retrain,0.26683219331118496
29,3,1,12,clip,0.6083204159164298
29,3,1,16,retrain,0.5579415244533826
29,3,1,16,clip,0.5579415244533826
29,3,2,2,retrain,0.985978454570343
29,3,2,2,clip,1.1354389930963558
29,3,2,4,retrain,0.5708175609305
29,3,2,4,clip,1.0733333504170752
29,3,2,8,retrain,0.26215391475378874
29,3,2,8,clip,0.7122824514461383
29,3,2,12,retrain,0.25245557899649285
29,3,2,12,clip,0.6224519483467507
29,3,2,16,retrain,0.5710846884379787
29,3,2,16,clip,0.5710846884379787
30,0,0,2,retrain,1.1573023715311133
30,0,0,2,clip,1.048942705142145
30,0,0,4,retrain,0.60978562844894
30,0,0,4,clip,0.8571583353433325
30,0,0,8,retrain,0.26489575272288984
30,0,0,8,clip,0.6873811966764103
30,0,0,12,retrain,0.2539500071244582
30,0,0,12,clip,0.6483112422745516
30,0,0,16,retrain,0.6099681531139237
30,0,0,16,clip,0.6099681531139237
30,0,1,2,retrain,1.1362257753779779
30,0,1,2,clip,1.0907556713488757
30,0,1,4,retrain,0.5312216306643996
30,0,1,4,clip,0.9283747024769343
30,0,1,8,retrain,0.3590676323785459
30,0,1,8,clip,0.7535633406704193
30,0,1,12,retrain,0.37251314371426425
30,0,1,12,clip,0.7051050067227016
30,0,1,16,retrain,0.6700308633590686
30,0,1,16,clip,0.6700308633590686
30,0,2,2,retrain,1.1729059068851497
30,0,2,2,clip,1.0554251008721398
30,0,2,4,retrain,0.5084356490160818
30,0,2,4,clip,0.8713429757016221
30,0,2,8,retrain,0.3193962438874524
30,0,2,8,clip,0.7032217629444332
30,0,2,12,retrain,0.2863647819667302
30,0,2,12,clip,0.6615239355197265
30,0,2,16,retrain,0.6265774605016373
30,0,2,16,clip,0.6265774605016373
31,2,0,2,retrain,1.0531695404592476
31,2,0,2,clip,1.0640176378516082
31,2,0,4,retrain,0.5307312072395213
31,2,0,4,clip,0.9315402699823382
31,2,0,8,retrain,0.25672232752049967
31,2,0,8,clip,0.6620665387152788
31,2,0,12,retrain,0.21330046111069204
31,2,0,12,clip,0.5990121878243307
31,2,0,16,retrain,0.56622721029921
31,2,0,16,clip,0.56622721029921
31,2,1,2,retrain,0.9733350756546394
31,2,1,2,clip,1.1288991883332127
31,2,1,4,retrain,0.6314301041677353
31,2,1,4,clip,1.0390107045207049
31,2,1,8,retrain,0.28970690524398823
31,2,1,8,clip,0.7687499295106103
31,2,1,12,retrain,0.33324855577187207
31,2,1,12,clip,0.7076828136245347
31,2,1,16,retrain,0.6691523245181343
31,2,1,16,clip,0.6691523245181343
31,2,2,2,retrain,1.0838753517032456
31,2,2,2,clip,1.1174871063768814
31,2,2,4,retrain,0.5268074920970028
31,2,2,4,clip,0.9925053530262818
31,2,2,8,retrain,0.25238868355208627
31,2,2,8,clip,0.7182285594251403
31,2,2,12,retrain,0.22395513307909926
31,2,2,12,clip,0.6571831840956153
31,2,2,16,retrain,0.618983342321539
31,2,2,16,clip,0.618983342321539
32,-2,0,2,retrain,1.031231979074795
32,-2,0,2,clip,1.050052884896484
32,-2,0,4,retrain,0.5047755351610014
32,-2,0,4,clip,0.966516716333516
32,-2,0,8,retrain,0.26560319848995295
32,-2,0,8,clip,0.6904623312100422
32,-2,0,12,retrain,0.20450107849003293
32,-2,0,12,clip,0.6226572698514165
32,-2,0,16,retrain,0.5842500061064598
32,-2,0,16,clip,0.5842500061064598
32,-2,1,2,retrain,0.956211676281565
32,-2,1,2,clip,1.0878295781526146
32,-2,1,4,retrain,0.4998972969150547
32,-2,1,4,clip,0.9701346941781115
32,-2,1,8,retrain,0.2210356263533698
32,-2,1,8,clip,0.6749666219960062
32,-2,1,12,retrain,0.2609840632964456
32,-2,1,12,clip,0.617897344122303
32,-2,1,16,retrain,0.5798955627062464
32,-2,1,16,clip,0.5798955627062464
32,-2,2,2,retrain,0.9950294942823235
32,-2,2,2,clip,1.0853944609589004
32,-2,2,4,retrain,0.525089977131954
32,-2,2,4,clip,0.9805773384205646
32,-2,2,8,retrain,0.19536193330459903
32,-2,2,8,clip,0.6719659252691063
32,-2,2,12,retrain,0.18854229193590225
32,-2,2,12,clip,0.6008123127838829
32,-2,2,16,retrain,0.5604803136473328
32,-2,2,16,clip,0.5604803136473328
33,4,0,2,retrain,1.0579714905329591
33,4,0,2,clip,1.1375846788470623
33,4,0,4,retrain,0.7137473560680249
33,4,0,4,clip,1.0985828846559529
33,4,0,8,retrain,0.381942434327707
33,4,0,8,clip,0.6457169191395555
33,4,0,12,retrain,0.2502028445262313
33,4,0,12,clip,0.5088075200680088
33,4,0,16,retrain,0.45559257996437613
33,4,0,16,clip,0.45559257996437613
33,4,1,2,retrain,0.9107783605608141
33,4,1,2,clip,1.1680267504339015
33,4,1,4,retrain,0.7001466129781877
33,4,1,4,clip,1.1649926216695523
33,4,1,8,retrain,0.3427179633040128
33,4,1,8,clip,0.6980003630640529
33,4,1,12,retrain,0.2943623864552334
33,4,1,12,clip,0.5647307260791044
33,4,1,16,retrain,0.5087997698797349
33,4,1,16,clip,0.5087997698797349
33,4,2,2,retrain,0.9901929590996607
33,4,2,2,clip,1.1701634924332258
33,4,2,4,retrain,0.6600970560747126
33,4,2,4,clip,1.1364234608454629
33,4,2,8,retrain,0.2963459118299192
33,4,2,8,clip,0.6450242385947275
33,4,2,12,retrain,0.2470826186392858
33,4,2,12,clip,0.5208823151640637
33,4,2,16,retrain,0.46428745231891594
33,4,2,16,clip,0.46428745231891594
34,4,0,2,retrain,1.0005367638950091
34,4,0,2,clip,1.0698645581661543
34,4,0,4,retrain,0.6576136001710506
34,4,0,4,clip,1.059496154943641
34,4,0,8,retrain,0.3510658865318877
34,4,0,8,clip,0.7073359746840304
34,4,0,12,retrain,0.2935153778618193
34,4,0,12,clip,0.5614564189324059
34,4,0,16,retrain,0.5008920492395402
34,4,0,16,clip,0.5008920492395402
34,4,1,2,retrain,0.9482263816850399
34,4,1,2,clip,1.1108033070014025
34,4,1,4,retrain,0.6352881026809233
34,4,1,4,clip,1.0615090712299793
34,4,1,8,retrain,0.3231755683497064
34,4,1,8,clip,0.6890031827192177
34,4,1,12,retrain,0.2940107691899984
34,4,1,12,clip,0.5544137199084301
34,4,1,16,retrain,0.49462431018309694
34,4,1,16,clip,0.49462431018309694
34,4,2,2,retrain,0.998781934755455
34,4,2,2,clip,1.122474903969251
34,4,2,4,retrain,0.5937103792011166
34,4,2,4,clip,1.0615226740866373
34,4,2,8,retrain,0.332984286505432
34,4,2,8,clip,0.6553049863803005
34,4,2,12,retrain,0.26925555400467366
34,4,2,12,clip,0.5141166856285152
34,4,2,16,retrain,0.44195139157701985
34,4,2,16,clip,0.44195139157701985
35,2,0,2,retrain,0.9957724537893203
35,2,0,2,clip,1.0220691949234633
35,2,0,4,retrain,0.5367638708940473
35,2,0,4,clip,0.9331346036943957
35,2,0,8,retrain,0.2577960233921047
35,2,0,8,clip,0.7453514581134574
35,2,0,12,retrain,0.30134855083665596
35,2,0,12,clip,0.6914675747237398
35,2,0,16,retrain,0.6521749296556693
35,2,0,16,clip,0.6521749296556693
35,2,1,2,retrain,0.9523795807632446
35,2,1,2,clip,1.0074802742098798
35,2,1,4,retrain,0.4837522182724259
35,2,1,4,clip,0.9162078399544855
35,2,1,8,retrain,0.20931119137576845
35,2,1,8,clip,0.7297691845210088
35,2,1,12,retrain,0.2869242502444068
35,2,1,12,clip,0.6739279711238034
35,2,1,16,retrain,0.6359648866828926
35,2,1,16,clip,0.6359648866828926
35,2,2,2,retrain,1.093801497928884
35,2,2,2,clip,0.977942547883338
35,2,2,4,retrain,0.4735563634789156
35,2,2,4,clip,0.8668057607199628
35,2,2,8,retrain,0.23253367000441408
35,2,2,8,clip,0.6861113089802051
35,2,2,12,retrain,0.27114346814691676
35,2,2,12,clip,0.6300106873851533
35,2,2,16,retrain,0.5898870041739105
35,2,2,16,clip,0.5898870041739105
36,-2,0,2,retrain,0.9991936738784528
36,-2,0,2,clip,1.0258378260286924
36,-2,0,4,retrain,0.47717651745395107
36,-2,0,4,clip,0.9508848245473657
36,-2,0,8,retrain,0.20156161998415445
36,-2,0,8,clip,0.7137925887212692
36,-2,0,12,retrain,0.19233154889547865
36,-2,0,12,clip,0.6524907006026174
36,-2,0,16,retrain,0.6138205085991236
36,-2,0,16,clip,0.6138205085991236
36,-2,1,2,retrain,0.956710603646916
36,-2,1,2,clip,1.0519683010663943
36,-2,1,4,retrain,0.4579723361258721
36,-2,1,4,clip,0.9699389819148873
36,-2,1,8,retrain,0.1774409417207453
36,-2,1,8,clip,0.7278778082140378
36,-2,1,12,retrain,0.24372752877055615
36,-2,1,12,clip,0.6697787133799089
36,-2,1,16,retrain,0.6286252385520513
36,-2,1,16,clip,0.6286252385520513
36,-2,2,2,retrain,1.0839602073000976
36,-2,2,2,clip,1.007348661810537
36,-2,2,4,retrain,0.4550064552831943
36,-2,2,4,clip,0.9255640942562432
36,-2,2,8,retrain,0.16250708625082963
36,-2,2,8,clip,0.6643102958997441
36,-2,2,12,retrain,0.16345841467685937
36,-2,2,12,clip,0.602231984634689
36,-2,2,16,retrain,0.5624478942063267
36,-2,2,16,clip,0.5624478942063267
37,1,0,2,retrain,1.0264672024562769
37,1,0,2,clip,1.0895499172922887
37,1,0,4,retrain,0.5965302455158225
37,1,0,4,clip,0.9887237836146496
37,1,0,8,retrain,0.23409441428978323
37,1,0,8,clip,0.8276230607830244
37,1,0,12,retrain,0.2701101242964576
37,1,0,12,clip,0.7597937927370009
37,1,0,16,retrain,0.7170432627574749
37,1,0,16,clip,0.7170432627574749
37,1,1,2,retrain,0.9336686310137574
37,1,1,2,clip,1.1401015511291523
37,1,1,4,retrain,0.4916060928849903
37,1,1,4,clip,1.018389900334519
37,1,1,8,retrain,0.24849496650587288
37,1,1,8,clip,0.7933002563853305
37,1,1,12,retrain,0.31497495608613685
37,1,1,12,clip,0.7410972315130239
37,1,1,16,retrain,0.7024332924816327
37,1,1,16,clip,0.7024332924816327
37,1,2,2,retrain,1.0935752141673745
37,1,2,2,clip,1.1180366372550063
37,1,2,4,retrain,0.5438794605508273
37,1,2,4,clip,1.0252635985236684
37,1,2,8,retrain,0.2162203053052579
37,1,2,8,clip,0.8222200907281196
37,1,2,12,retrain,0.2601497445190901
37,1,2,12,clip,0.7611942873762698
37,1,2,16,retrain,0.7176310389159627
37,1,2,16,clip,0.7176310389159627
38,-2,0,2,retrain,0.997523824009506
38,-2,0,2,clip,1.0359107554053513
38,-2,0,4,retrain,0.491709928406188
38,-2,0,4,clip,0.9847923856078964
38,-2,0,8,retrain,0.2451957978783276
38,-2,0,8,clip,0.7335265576215797
38,-2,0,12,retrain,0.23248079700365992
38,-2,0,12,clip,0.6537846743026465
38,-2,0,16,retrain,0.6120041255487115
38,-2,0,16,clip,0.6120041255487115
38,-2,1,2,retrain,1.0732328389186008
38,-2,1,2,clip,1.0780554098371276
38,-2,1,4,retrain,0.4723910957768718
38,-2,1,4,clip,1.006332108407019
38,-2,1,8,retrain,0.2236138063200848
38,-2,1,8,clip,0.7043109183467227
38,-2,1,12,retrain,0.2721432758781401
38,-2,1,12,clip,0.6352751955774364
38,-2,1,16,retrain,0.5926649066328262
38,-2,1,16,clip,0.5926649066328262
38,-2,2,2,retrain,1.1201237874959717
38,-2,2,2,clip,1.087598406397493
38,-2,2,4,retrain,0.5041489803672549
38,-2,2,4,clip,1.0200879389885593
38,-2,2,8,retrain,0.24524732115949027
38,-2,2,8,clip,0.7300512017459155
38,-2,2,12,retrain,0.2156606139899618
38,-2,2,12,clip,0.6501764419598364
38,-2,2,16,retrain,0.6075805635713043
38,-2,2,16,clip,0.6075805635713043
39,4,0,2,retrain,1.0638426545855382
39,4,0,2,clip,1.130327599478149
39,4,0,4,retrain,0.7227686332568964
39,4,0,4,clip,1.096402046953828
39,4,0,8,retrain,0.3749225780904048
39,4,0,8,clip,0.6265842347075203
39,4,0,12,retrain,0.2585795591540087
39,4,0,12,clip,0.47133813630117477
39,4,0,16,retrain,0.3996044277481488
39,4,0,16,clip,0.3996044277481488
39,4,1,2,retrain,0.907089521913164
39,4,1,2,clip,1.1772270707118095
39,4,1,4,retrain,0.6996501907529894
39,4,1,4,clip,1.1363086584362143
39,4,1,8,retrain,0.3282831384482998
39,4,1,8,clip,0.6727590549061491
39,4,1,12,retrain,0.2864935203310743
39,4,1,12,clip,0.5217736125196669
39,4,1,16,retrain,0.4435936042035681
39,4,1,16,clip,0.4435936042035681
39,4,2,2,retrain,0.9781665631385698
39,4,2,2,clip,1.1703428751252507
39,4,2,4,retrain,0.6476975827810717
39,4,2,4,clip,1.1286711469322666
39,4,2,8,retrain,0.33306181664666423
39,4,2,8,clip,0.629088390536482
39,4,2,12,retrain,0.29337727482883774
39,4,2,12,clip,0.4779832196178308
39,4,2,16,retrain,0.4000532715198627
39,4,2,16,clip,0.4000532715198627
40,0,0,2,retrain,0.9579951351624624
40,0,0,2,clip,1.0046425142734285
40,0,0,4,retrain,0.3938157016647397
40,0,0,4,clip,0.9186691129948258
40,0,0,8,retrain,0.2169255292231209
40,0,0,8,clip,0.8119580061854549
40,0,0,12,retrain,0.29828945553558267
40,0,0,12,clip,0.7631881196086907
40,0,0,16,retrain,0.7202536063796952
40,0,0,16,clip,0.7202536063796952
40,0,1,2,retrain,0.9957683299044081
40,0,1,2,clip,0.9804494803767134
40,0,1,4,retrain,0.4127182089958925
40,0,1,4,clip,0.9113089600946596
40,0,1,8,retrain,0.2064691693519106
40,0,1,8,clip,0.7892294128019021
40,0,1,12,retrain,0.28895699839709493
40,0,1,12,clip,0.7392126248899361
40,0,1,16,retrain,0.6960199418563313
40,0,1,16,clip,0.6960199418563313
40,0,2,2,retrain,1.0111572371260273
40,0,2,2,clip,0.9199407439355908
40,0,2,4,retrain,0.3862691811226385
40,0,2,4,clip,0.8655710837163131
40,0,2,8,retrain,0.19222861477413192
40,0,2,8,clip,0.7597097519657059
40,0,2,12,retrain,0.2413157327054386
40,0,2,12,clip,0.7089194354606249
40,0,2,16,retrain,0.665658295370347
40,0,2,16,clip,0.665658295370347
41,0,0,2,retrain,0.9541730198442866
41,0,0,2,clip,1.0063279872823745
41,0,0,4,retrain,0.42780672416250337
41,0,0,4,clip,0.8793375318626909
41,0,0,8,retrain,0.21013166022184665
41,0,0,8,clip,0.7755983745256684
41,0,0,12,retrain,0.23095536538136702
41,0,0,12,clip,0.7368388274653512
41,0,0,16,retrain,0.6984154019705563
41,0,0,16,clip,0.6984154019705563
41,0,1,2,retrain,1.1208301894042216
41,0,1,2,clip,1.0335362940166086
41,0,1,4,retrain,0.4336841250584445
41,0,1,4,clip,0.903549334050758
41,0,1,8,retrain,0.18024580339808768
41,0,1,8,clip,0.803112089645611
41,0,1,12,retrain,0.29573443206060346
41,0,1,12,clip,0.7599349559269098
41,0,1,16,retrain,0.7172012964514569
41,0,1,16,clip,0.7172012964514569
41,0,2,2,retrain,0.8370842950562692
41,0,2,2,clip,0.9744665406273737
41,0,2,4,retrain,0.4345195000270633
41,0,2,4,clip,0.8288572436081639
41,0,2,8,retrain,0.1972271930965523
41,0,2,8,clip,0.7299249146556838
41,0,2,12,retrain,0.17414059080386593
41,0,2,12,clip,0.6911801615972298
41,0,2,16,retrain,0.6511606674463553
41,0,2,16,clip,0.6511606674463553
42,2,0,2,retrain,1.0878798701009569
42,2,0,2,clip,1.064160502209374
42,2,0,4,retrain,0.5811381679463792
42,2,0,4,clip,0.9672353069445437
42,2,0,8,retrain,0.2271841427468695
42,2,0,8,clip,0.6681852662161749
42,2,0,12,retrain,0.22082414386030838
42,2,0,12,clip,0.5825932228187225
42,2,0,16,retrain,0.5388780766647795
42,2,0,16,clip,0.5388780766647795
42,2,1,2,retrain,0.9544803423714077
42,2,1,2,clip,1.109083714707295
42,2,1,4,retrain,0.5892769097583068
42,2,1,4,clip,0.9874497188749922
42,2,1,8,retrain,0.2832892226319277
42,2,1,8,clip,0.665361056488207
42,2,1,12,retrain,0.2644284407269305
42,2,1,12,clip,0.5762852818201631
42,2,1,16,retrain,0.5328723640992217
42,2,1,16,clip,0.5328723640992217
42,2,2,2,retrain,1.0074918229547507
42,2,2,2,clip,1.109189575115227
42,2,2,4,retrain,0.5567348966619153
42,2,2,4,clip,0.9999744515236549
42,2,2,8,retrain,0.23423233390055284
42,2,2,8,clip,0.6842125835648267
42,2,2,12,retrain,0.24625213795287978
42,2,2,12,clip,0.6019335820250784
42,2,2,16,retrain,0.556375723621686
42,2,2,16,clip,0.556375723621686
43,1,0,2,retrain,1.0750285319235098
43,1,0,2,clip,1.0531299772240814
43,1,0,4,retrain,0.5379221011801087
43,1,0,4,clip,0.9558294542663551
43,1,0,8,retrain,0.1872061739424245
43,1,0,8,clip,0.7897622266991045
43,1,0,12,retrain,0.2439972059734993
43,1,0,12,clip,0.7390926419421201
43,1,0,16,retrain,0.7020700501187026
43,1,0,16,clip,0.7020700501187026
43,1,1,2,retrain,0.9220077194679489
43,1,1,2,clip,1.0940907058451392
43,1,1,4,retrain,0.4565614591614416
43,1,1,4,clip,0.9747232789495855
43,1,1,8,retrain,0.21889299942420462
43,1,1,8,clip,0.8073145036874954
43,1,1,12,retrain,0.2505363068486587
43,1,1,12,clip,0.7561497737320609
43,1,1,16,retrain,0.7182628120580098
43,1,1,16,clip,0.7182628120580098
43,1,2,2,retrain,1.0304581045529215
43,1,2,2,clip,1.0535323461140373
43,1,2,4,retrain,0.4387114315842043
43,1,2,4,clip,0.9348728841170745
43,1,2,8,retrain,0.19206072335325478
43,1,2,8,clip,0.7639283142306056
43,1,2,12,retrain,0.20830146116298356
43,1,2,12,clip,0.7136204032213024
43,1,2,16,retrain,0.6745424273468813
43,1,2,16,clip,0.6745424273468813
44,-4,0,2,retrain,1.0765452793764794
44,-4,0,2,clip,1.1148713952915776
44,-4,0,4,retrain,0.6689743637660441
44,-4,0,4,clip,1.104843136865689
44,-4,0,8,retrain,0.3900484975105488
44,-4,0,8,clip,0.6944077447860456
44,-4,0,12,retrain,0.2737827827038974
44,-4,0,12,clip,0.5475110134921488
44,-4,0,16,retrain,0.4888824195907239
44,-4,0,16,clip,0.4888824195907239
44,-4,1,2,retrain,0.9432235384776863
44,-4,1,2,clip,1.1438521305271867
44,-4,1,4,retrain,0.6315823799352922
44,-4,1,4,clip,1.1113605037648109
44,-4,1,8,retrain,0.364954379673464
44,-4,1,8,clip,0.6745220695975295
44,-4,1,12,retrain,0.2939183226205246
44,-4,1,12,clip,0.5417109383391652
44,-4,1,16,retrain,0.48748592984396893
44,-4,1,16,clip,0.48748592984396893
44,-4,2,2,retrain,1.0818337360697619
44,-4,2,2,clip,1.159645196343276
44,-4,2,4,retrain,0.6712231734700369
44,-4,2,4,clip,1.1312473840475596
44,-4,2,8,retrain,0.2982121981152682
44,-4,2,8,clip,0.6720364707674973
44,-4,2,12,retrain,0.26966940899224595
44,-4,2,12,clip,0.5186629177685367
44,-4,2,16,retrain,0.4521607668244527
44,-4,2,16,clip,0.4521607668244527
45,4,0,2,retrain,1.003788061392095
45,4,0,2,clip,1.1159151171583652
45,4,0,4,retrain,0.6316416746312415
45,4,0,4,clip,1.0894705513398326
45,4,0,8,retrain,0.32576690145434306
45,4,0,8,clip,0.6706478012789971
45,4,0,12,retrain,0.23854223979111497
45,4,0,12,clip,0.5244240166551943
45,4,0,16,retrain,0.4667915243775789
45,4,0,16,clip,0.4667915243775789
45,4,1,2,retrain,0.8996806633732903
45,4,1,2,clip,1.1709750581070708
45,4,1,4,retrain,0.6230404709860649
45,4,1,4,clip,1.1186023678872048
45,4,1,8,retrain,0.2714783101519693
45,4,1,8,clip,0.6547161579396252
45,4,1,12,retrain,0.2530343310300186
45,4,1,12,clip,0.5260408442624792
45,4,1,16,retrain,0.46774272472246015
45,4,1,16,clip,0.46774272472246015
45,4,2,2,retrain,0.9811350920653782
45,4,2,2,clip,1.1644427993686137
45,4,2,4,retrain,0.6137222118866916
45,4,2,4,clip,1.1284008702404433
45,4,2,8,retrain,0.27927135395341934
45,4,2,8,clip,0.6697654825167687
45,4,2,12,retrain,0.2408944738758318
45,4,2,12,clip,0.5271023021166537
45,4,2,16,retrain,0.46521552506684494
45,4,2,16,clip,0.46521552506684494
46,1,0,2,retrain,1.0782513660194886
46,1,0,2,clip,1.1209223886691784
46,1,0,4,retrain,0.5247895894344466
46,1,0,4,clip,0.9776145277970745
46,1,0,8,retrain,0.19914282552380816
46,1,0,8,clip,0.7681568877892594
46,1,0,12,retrain,0.22376940252895755
46,1,0,12,clip,0.7055570982369487
46,1,0,16,retrain,0.6656831451722942
46,1,0,16,clip,0.6656831451722942
46,1,1,2,retrain,0.9562750177407319
46,1,1,2,clip,1.167488701875014
46,1,1,4,retrain,0.49549065649793994
46,1,1,4,clip,1.0103501065352303
46,1,1,8,retrain,0.20879091432440755
46,1,1,8,clip,0.810588138515551
46,1,1,12,retrain,0.2867521900415278
46,1,1,12,clip,0.754084688636469
46,1,1,16,retrain,0.7140118997576228
46,1,1,16,clip,0.7140118997576228
46,1,2,2,retrain,1.1134033635116074
46,1,2,2,clip,1.116905799208008
46,1,2,4,retrain,0.5124251382440327
46,1,2,4,clip,0.9800255615046947
46,1,2,8,retrain,0.20538680193541234
46,1,2,8,clip,0.7718855195775416
46,1,2,12,retrain,0.2224231243769338
46,1,2,12,clip,0.71559044810372
46,1,2,16,retrain,0.6735202762680303
46,1,2,16,clip,0.6735202762680303
47,-3,0,2,retrain,1.0992298027763374
47,-3,0,2,clip,1.0919577250632975
47,-3,0,4,retrain,0.5693116931520646
47,-3,0,4,clip,1.0261620422034332
47,-3,0,8,retrain,0.2352797780846945
47,-3,0,8,clip,0.6834078391500611
47,-3,0,12,retrain,0.19759630740467035
47,-3,0,12,clip,0.5971563710907559
47,-3,0,16,retrain,0.559267766955335
47,-3,0,16,clip,0.559267766955335
47,-3,1,2,retrain,0.9455014558164897
47,-3,1,2,clip,1.1162967541521078
47,-3,1,4,retrain,0.5288095228690668
47,-3,1,4,clip,1.0145505713248915
47,-3,1,8,retrain,0.2298256263189291
47,-3,1,8,clip,0.6694512136345143
47,-3,1,12,retrain,0.2574151329709027
47,-3,1,12,clip,0.5970462018863181
47,-3,1,16,retrain,0.5572132246228905
47,-3,1,16,clip,0.5572132246228905
47,-3,2,2,retrain,0.9832440002002938
47,-3,2,2,clip,1.129623806616593
47,-3,2,4,retrain,0.5544598405922534
47,-3,2,4,clip,1.0395395496225748
47,-3,2,8,retrain,0.17805291446502014
47,-3,2,8,clip,0.6826413274491255
47,-3,2,12,retrain,0.1845272516927919
47,-3,2,12,clip,0.6054218424327168
47,-3,2,16,retrain,0.5655865004756101
47,-3,2,16,clip,0.5655865004756101
48,-4,0,2,retrain,0.9804687906094561
48,-4,0,2,clip,1.1138745688024452
48,-4,0,4,retrain,0.735981056774
48,-4,0,4,clip,1.0937150730316527
48,-4,0,8,retrain,0.41371415139188794
48,-4,0,8,clip,0.6687224369064255
48,-4,0,12,retrain,0.3082925407366243
48,-4,0,12,clip,0.5290439952237904
48,-4,0,16,retrain,0.46127652303041605
48,-4,0,16,clip,0.46127652303041605
48,-4,1,2,retrain,0.9479117600457644
48,-4,1,2,clip,1.1683740879383704
48,-4,1,4,retrain,0.677841024367746
48,-4,1,4,clip,1.1476394874952927
48,-4,1,8,retrain,0.41011516570860856
48,-4,1,8,clip,0.6863613247052398
48,-4,1,12,retrain,0.3467304837875624
48,-4,1,12,clip,0.5539720728190047
48,-4,1,16,retrain,0.48950516311779285
48,-4,1,16,clip,0.48950516311779285
48,-4,2,2,retrain,1.0355511509002235
48,-4,2,2,clip,1.1470456304517975
48,-4,2,4,retrain,0.6724842764848266
48,-4,2,4,clip,1.1382486545615627
48,-4,2,8,retrain,0.3744619506057071
48,-4,2,8,clip,0.6834157352751458
48,-4,2,12,retrain,0.3286122705327917
48,-4,2,12,clip,0.541962732566084
48,-4,2,16,retrain,0.46466622199489926
48,-4,2,16,clip,0.46466622199489926
49,0,0,2,retrain,1.105588633836617
49,0,0,2,clip,0.9661483815908692
49,0,0,4,retrain,0.5254096925137346
49,0,0,4,clip,0.8420255032593733
49,0,0,8,retrain,0.25117873650518724
49,0,0,8,clip,0.7061134213891257
49,0,0,12,retrain,0.22882425894083822
49,0,0,12,clip,0.6598923788162601
49,0,0,16,retrain,0.6223156348773039
49,0,0,16,clip,0.6223156348773039
49,0,1,2,retrain,1.0430029243072816
49,0,1,2,clip,1.045577083237734
49,0,1,4,retrain,0.4272738910607749
49,0,1,4,clip,0.9067279170418948
49,0,1,8,retrain,0.23083588581789571
49,0,1,8,clip,0.7504315065421788
49,0,1,12,retrain,0.3282989836786067
49,0,1,12,clip,0.7073785450764996
49,0,1,16,retrain,0.6666021012962194
49,0,1,16,clip,0.6666021012962194
49,0,2,2,retrain,1.1211779430135402
49,0,2,2,clip,0.9924934918519033
49,0,2,4,retrain,0.4952111500401819
49,0,2,4,clip,0.8593759829945826
49,0,2,8,retrain,0.2373132597339832
49,0,2,8,clip,0.7022291232988767
49,0,2,12,retrain,0.2390591261018477
49,0,2,12,clip,0.6598162368656996
49,0,2,16,retrain,0.6222505523625412
49,0,2,16,clip,0.6222505523625412
50,-1,0,2,retrain,1.0852532687140155
50,-1,0,2,clip,0.9921697871298241
50,-1,0,4,retrain,0.4823208153783574
50,-1,0,4,clip,0.867891747626179
50,-1,0,8,retrain,0.21560196086709318
50,-1,0,8,clip,0.7313527047282989
50,-1,0,12,retrain,0.22253570737164785
50,-1,0,12,clip,0.6800419619364003
50,-1,0,16,retrain,0.6378261576884288
50,-1,0,16,clip,0.6378261576884288
50,-1,1,2,retrain,0.9554411238069318
50,-1,1,2,clip,1.0266747654931658
50,-1,1,4,retrain,0.5048645163718675
50,-1,1,4,clip,0.9046659720267061
50,-1,1,8,retrain,0.2508904179584226
50,-1,1,8,clip,0.7592655351614271
50,-1,1,12,retrain,0.3187106649519304
50,-1,1,12,clip,0.7150948966097114
50,-1,1,16,retrain,0.6785664254930446
50,-1,1,16,clip,0.6785664254930446
50,-1,2,2,retrain,0.9284786433338796
50,-1,2,2,clip,1.0500889114639238
50,-1,2,4,retrain,0.5470286327628606
50,-1,2,4,clip,0.937994846087254
50,-1,2,8,retrain,0.2054221290692448
50,-1,2,8,clip,0.8211739984477117
50,-1,2,12,retrain,0.2882806847906264
50,-1,2,12,clip,0.7767153353555641
50,-1,2,16,retrain,0.7361639569691005
50,-1,2,16,clip,0.7361639569691005
51,0,0,2,retrain,0.9852183676813746
51,0,0,2,clip,0.9947279722017187
51,0,0,4,retrain,0.37755240503638565
51,0,0,4,clip,0.9024425003101527
51,0,0,8,retrain,0.20890099846559293
51,0,0,8,clip,0.7623800232131266
51,0,0,12,retrain,0.21034142942948603
51,0,0,12,clip,0.7267968740651035
51,0,0,16,retrain,0.6879364996906211
51,0,0,16,clip,0.6879364996906211
51,0,1,2,retrain,1.094128962435215
51,0,1,2,clip,1.0127939600070508
51,0,1,4,retrain,0.4259781141247248
51,0,1,4,clip,0.9082187548845063
51,0,1,8,retrain,0.1910704611680215
51,0,1,8,clip,0.7777425995808283
51,0,1,12,retrain,0.2849738996398842
51,0,1,12,clip,0.7340594503716795
51,0,1,16,retrain,0.6947464024625865
51,0,1,16,clip,0.6947464024625865
51,0,2,2,retrain,0.86035489648122
51,0,2,2,clip,0.94380130411156
51,0,2,4,retrain,0.4099085483273684
51,0,2,4,clip,0.8282229770396401
51,0,2,8,retrain,0.1840593611854898
51,0,2,8,clip,0.6879563278401323
51,0,2,12,retrain,0.1504475931854456
51,0,2,12,clip,0.6520214749048545
51,0,2,16,retrain,0.614654996661444
51,0,2,16,clip,0.614654996661444
52,4,0,2,retrain,1.0224745712499146
52,4,0,2,clip,1.094119599471053
52,4,0,4,retrain,0.6771461233951694
52,4,0,4,clip,1.0347900390264788
52,4,0,8,retrain,0.4708128962752185
52,4,0,8,clip,0.719710148278779
52,4,0,12,retrain,0.3563337345788233
52,4,0,12,clip,0.6080203800533731
52,4,0,16,retrain,0.5467453100197537
52,4,0,16,clip,0.5467453100197537
52,4,1,2,retrain,0.9189231040015613
52,4,1,2,clip,1.1313859062100302
52,4,1,4,retrain,0.6755179725983261
52,4,1,4,clip,1.0992613303537127
52,4,1,8,retrain,0.44633573136802546
52,4,1,8,clip,0.7456009811295728
52,4,1,12,retrain,0.38026464003479243
52,4,1,12,clip,0.6444428559490446
52,4,1,16,retrain,0.5792164469372488
52,4,1,16,clip,0.5792164469372488
52,4,2,2,retrain,1.0099154849689582
52,4,2,2,clip,1.1406142413728753
52,4,2,4,retrain,0.6602655076910569
52,4,2,4,clip,1.0993810017110035
52,4,2,8,retrain,0.44765973185884844
52,4,2,8,clip,0.7364222426669506
52,4,2,12,retrain,0.349593469478663
52,4,2,12,clip,0.632161066760104
52,4,2,16,retrain,0.5676564162199408
52,4,2,16,clip,0.5676564162199408
53,0,0,2,retrain,1.0562283185064962
53,0,0,2,clip,1.028039094793277
53,0,0,4,retrain,0.4907675313951941
53,0,0,4,clip,0.8987329552725817
53,0,0,8,retrain,0.23297372562279556
53,0,0,8,clip,0.7014226562892408
53,0,0,12,retrain,0.2152496597051664
53,0,0,12,clip,0.6521000378526008
53,0,0,16,retrain,0.6145114539132129
53,0,0,16,clip,0.6145114539132129
53,0,1,2,retrain,0.9899948558033552
53,0,1,2,clip,1.0763298461193835
53,0,1,4,retrain,0.43894795169503603
53,0,1,4,clip,0.9423839827115458
53,0,1,8,retrain,0.20886898287689004
53,0,1,8,clip,0.7527494328537097
53,0,1,12,retrain,0.2976698397966411
53,0,1,12,clip,0.7015691380385415
53,0,1,16,retrain,0.6611120691534612
53,0,1,16,clip,0.6611120691534612
53,0,2,2,retrain,1.08634845466568
53,0,2,2,clip,1.0177864710706286
53,0,2,4,retrain,0.47964815231566005
53,0,2,4,clip,0.8883139464452934
53,0,2,8,retrain,0.20866380630194756
53,0,2,8,clip,0.7006469209572869
53,0,2,12,retrain,0.197166499365176
53,0,2,12,clip,0.6488112514707449
53,0,2,16,retrain,0.6100803555082549
53,0,2,16,clip,0.6100803555082549
54,4,0,2,retrain,0.9927020945588235
54,4,0,2,clip,1.0813643192371105
54,4,0,4,retrain,0.6179667313359078
54,4,0,4,clip,1.0466423295776566
54,4,0,8,retrain,0.3035940163778482
54,4,0,8,clip,0.6702941167575365
54,4,0,12,retrain,0.22673359912248728
54,4,0,12,clip,0.5484449424098787
54,4,0,16,retrain,0.4989579571582909
54,4,0,16,clip,0.4989579571582909
54,4,1,2,retrain,0.9500202080450624
54,4,1,2,clip,1.1397779182910477
54,4,1,4,retrain,0.627313377850416
54,4,1,4,clip,1.077879468601265
54,4,1,8,retrain,0.28601077652149237
54,4,1,8,clip,0.6769412790151794
54,4,1,12,retrain,0.2655792505198421
54,4,1,12,clip,0.5626468969166057
54,4,1,16,retrain,0.5136951766310422
54,4,1,16,clip,0.5136951766310422
54,4,2,2,retrain,0.9577917184764781
54,4,2,2,clip,1.145740028309024
54,4,2,4,retrain,0.6422139658242088
54,4,2,4,clip,1.0955061717392258
54,4,2,8,retrain,0.2711773431841105
54,4,2,8,clip,0.6808708475661038
54,4,2,12,retrain,0.24378975111771867
54,4,2,12,clip,0.5647323724434037
54,4,2,16,retrain,0.5170144850768257
54,4,2,16,clip,0.5170144850768257
55,-1,0,2,retrain,0.9631965693553438
55,-1,0,2,clip,0.99427158698112
55,-1,0,4,retrain,0.4591815147264886
55,-1,0,4,clip,0.9423385573769886
55,-1,0,8,retrain,0.20964298024424508
55,-1,0,8,clip,0.7264443167105159
55,-1,0,12,retrain,0.20511042199957705
55,-1,0,12,clip,0.6695883038697219
55,-1,0,16,retrain,0.6304903619820839
55,-1,0,16,clip,0.6304903619820839
55,-1,1,2,retrain,0.9890903904789112
55,-1,1,2,clip,1.0295794326538108
55,-1,1,4,retrain,0.4352528132279144
55,-1,1,4,clip,0.9663596812300705
55,-1,1,8,retrain,0.1893847370460341
55,-1,1,8,clip,0.7492221400194912
55,-1,1,12,retrain,0.27032170585974885
55,-1,1,12,clip,0.6908006734699558
55,-1,1,16,retrain,0.6499473530089374
55,-1,1,16,clip,0.6499473530089374
55,-1,2,2,retrain,1.0048480312007122
55,-1,2,2,clip,0.9912681216318959
55,-1,2,4,retrain,0.4793030507228138
55,-1,2,4,clip,0.920264952391661
55,-1,2,8,retrain,0.19951360792815587
55,-1,2,8,clip,0.6888020568883844
55,-1,2,12,retrain,0.15822780684941293
55,-1,2,12,clip,0.6326031917872721
55,-1,2,16,retrain,0.5931019717573178
55,-1,2,16,clip,0.5931019717573178
56,3,0,2,retrain,0.9485586856754393
56,3,0,2,clip,1.1092464718318826
56,3,0,4,retrain,0.6197785370243644
56,3,0,4,clip,1.0639996496937616
56,3,0,8,retrain,0.2750593113572418
56,3,0,8,clip,0.6790721271608582
56,3,0,12,retrain,0.20338715875348834
56,3,0,12,clip,0.5648924833476081
56,3,0,16,retrain,0.5176125486046728
56,3,0,16,clip,0.5176125486046728
56,3,1,2,retrain,0.9597691436997621
56,3,1,2,clip,1.177554835302981
56,3,1,4,retrain,0.59619815478742
56,3,1,4,clip,1.0865270351313094
56,3,1,8,retrain,0.26248872472176143
56,3,1,8,clip,0.684103890738257
56,3,1,12,retrain,0.2776809936239445
56,3,1,12,clip,0.5827623906790472
56,3,1,16,retrain,0.5344223055207825
56,3,1,16,clip,0.5344223055207825
56,3,2,2,retrain,0.9711666169360553
56,3,2,2,clip,1.1516226577927635
56,3,2,4,retrain,0.6068625812373729
56,3,2,4,clip,1.110249326510223
56,3,2,8,retrain,0.23199520097146376
56,3,2,8,clip,0.6970694708821665
56,3,2,12,retrain,0.24213058844436225
56,3,2,12,clip,0.6003195651581155
56,3,2,16,retrain,0.548215133431383
56,3,2,16,clip,0.548215133431383
57,-3,0,2,retrain,1.0083235171700764
57,-3,0,2,clip,1.0771415871185757
57,-3,0,4,retrain,0.6133291008608118
57,-3,0,4,clip,1.0354157412459952
57,-3,0,8,retrain,0.3118839795860905
57,-3,0,8,clip,0.6856901484789301
57,-3,0,12,retrain,0.2890936898284594
57,-3,0,12,clip,0.5835748806302944
57,-3,0,16,retrain,0.5355520817240343
57,-3,0,16,clip,0.5355520817240343
57,-3,1,2,retrain,0.955116180308945
57,-3,1,2,clip,1.1084309455480625
57,-3,1,4,retrain,0.6009875171828184
57,-3,1,4,clip,1.0531034098552017
57,-3,1,8,retrain,0.3185070417737463
57,-3,1,8,clip,0.6782265771521472
57,-3,1,12,retrain,0.3240794665572459
57,-3,1,12,clip,0.5796548685690591
57,-3,1,16,retrain,0.5313416306796819
57,-3,1,16,clip,0.5313416306796819
57,-3,2,2,retrain,1.0619717832595454
57,-3,2,2,clip,1.123478402392693
57,-3,2,4,retrain,0.6259430152162717
57,-3,2,4,clip,1.0901679679279133
57,-3,2,8,retrain,0.3278919654487225
57,-3,2,8,clip,0.7304954357436956
57,-3,2,12,retrain,0.29896181278012457
57,-3,2,12,clip,0.633305838683965
57,-3,2,16,retrain,0.5778537106843057
57,-3,2,16,clip,0.5778537106843057
58,4,0,2,retrain,0.991140628022592
58,4,0,2,clip,1.1330607785321687
58,4,0,4,retrain,0.6937869213384313
58,4,0,4,clip,1.0964171100692028
58,4,0,8,retrain,0.3810729751173467
58,4,0,8,clip,0.7359962918254025
58,4,0,12,retrain,0.3669831522715996
58,4,0,12,clip,0.5864505349212613
58,4,0,16,retrain,0.5202280031610417
58,4,0,16,clip,0.5202280031610417
58,4,1,2,retrain,0.9915065481499734
58,4,1,2,clip,1.1428043649570276
58,4,1,4,retrain,0.6857542602624135
58,4,1,4,clip,1.0931967095762214
58,4,1,8,retrain,0.3781196233721897
58,4,1,8,clip,0.6702141941894826
58,4,1,12,retrain,0.3449885538427745
58,4,1,12,clip,0.5156446165832341
58,4,1,16,retrain,0.4554481641795459
58,4,1,16,clip,0.4554481641795459
58,4,2,2,retrain,1.124835009851861
58,4,2,2,clip,1.1467575604892586
58,4,2,4,retrain,0.7273451485919714
58,4,2,4,clip,1.1080130827013053
58,4,2,8,retrain,0.3913722316375266
58,4,2,8,clip,0.6634360909028976
58,4,2,12,retrain,0.34488400474322656
58,4,2,12,clip,0.5310381470205433
58,4,2,16,retrain,0.4647240364083125
58,4,2,16,clip,0.4647240364083125
59,1,0,2,retrain,0.9655016155058931
59,1,0,2,clip,1.0879704389605875
59,1,0,4,retrain,0.539244776045757
59,1,0,4,clip,0.9569527169905563
59,1,0,8,retrain,0.20482379912509968
59,1,0,8,clip,0.7899429194987093
59,1,0,12,retrain,0.25273641838045635
59,1,0,12,clip,0.733638800159099
59,1,0,16,retrain,0.694044544473669
59,1,0,16,clip,0.694044544473669
59,1,1,2,retrain,0.9124871478157974
59,1,1,2,clip,1.0661435201883878
59,1,1,4,retrain,0.4796714764888939
59,1,1,4,clip,0.9274306956066417
59,1,1,8,retrain,0.21524483516089465
59,1,1,8,clip,0.7675895319089424
59,1,1,12,retrain,0.29379096017608025
59,1,1,12,clip,0.7127813068496271
59,1,1,16,retrain,0.6738652539336925
59,1,1,16,clip,0.6738652539336925
59,1,2,2,retrain,0.9515510250561625
59,1,2,2,clip,1.0332308209545977
59,1,2,4,retrain,0.5080958714481032
59,1,2,4,clip,0.8975881315640544
59,1,2,8,retrain,0.20561455843273424
59,1,2,8,clip,0.715293696145806
59,1,2,12,retrain,0.21787703938013392
59,1,2,12,clip,0.6645643116767981
59,1,2,16,retrain,0.627561634762784
59,1,2,16,clip,0.627561634762784
60,4,0,2,retrain,0.9917546556436606
60,4,0,2,clip,1.093809713575928
60,4,0,4,retrain,0.6100968133037097
60,4,0,4,clip,1.0690349218550117
60,4,0,8,retrain,0.3023303554860832
60,4,0,8,clip,0.6601163269103375
60,4,0,12,retrain,0.2515728634032732
60,4,0,12,clip,0.5453653964985633
60,4,0,16,retrain,0.4983100270479355
60,4,0,16,clip,0.4983100270479355
60,4,1,2,retrain,0.9524581841003029
60,4,1,2,clip,1.1100361395474363
60,4,1,4,retrain,0.6287901242776028
60,4,1,4,clip,1.0799118341099019
60,4,1,8,retrain,0.2724721766781593
60,4,1,8,clip,0.6772038833359809
60,4,1,12,retrain,0.2812348240035691
60,4,1,12,clip,0.5680711534504701
60,4,1,16,retrain,0.520961147857261
60,4,1,16,clip,0.520961147857261
60,4,2,2,retrain,1.044668973133312
60,4,2,2,clip,1.0988294560557244
60,4,2,4,retrain,0.601354296198474
60,4,2,4,clip,1.098325233584793
60,4,2,8,retrain,0.27229917065829046
60,4,2,8,clip,0.6811474232543375
60,4,2,12,retrain,0.23575716276174136
60,4,2,12,clip,0.5687386154668658
60,4,2,16,retrain,0.5188991173519418
60,4,2,16,clip,0.5188991173519418
61,3,0,2,retrain,1.056947220201405
61,3,0,2,clip,1.0664403843963
61,3,0,4,retrain,0.6130125186989549
61,3,0,4,clip,1.0042133466212233
61,3,0,8,retrain,0.2880750053254135
61,3,0,8,clip,0.6837985272826657
61,3,0,12,retrain,0.24392354426776497
61,3,0,12,clip,0.572817192023034
61,3,0,16,retrain,0.5164304576828526
61,3,0,16,clip,0.5164304576828526
61,3,1,2,retrain,0.9534427236620481
61,3,1,2,clip,1.1161415100653995
61,3,1,4,retrain,0.5625343139274478
61,3,1,4,clip,1.0344733351755164
61,3,1,8,retrain,0.278974543800301
61,3,1,8,clip,0.6952713076080433
61,3,1,12,retrain,0.26908197604036954
61,3,1,12,clip,0.5886790899371994
61,3,1,16,retrain,0.5318434260505921
61,3,1,16,clip,0.5318434260505921
61,3,2,2,retrain,0.9807173154825501
61,3,2,2,clip,1.0932555285135184
61,3,2,4,retrain,0.5600602234096732
61,3,2,4,clip,1.024702616233788
61,3,2,8,retrain,0.2813949311670561
61,3,2,8,clip,0.6816036224234727
61,3,2,12,retrain,0.26035245160256504
61,3,2,12,clip,0.5803456769131683
61,3,2,16,retrain,0.521469839671571
61,3,2,16,clip,0.521469839671571
62,-1,0,2,retrain,1.2213669938016893
62,-1,0,2,clip,1.0517436217335425
62,-1,0,4,retrain,0.4993856566378288
62,-1,0,4,clip,0.902550999721584
62,-1,0,8,retrain,0.18214758371665848
62,-1,0,8,clip,0.7184706247537991
62,-1,0,12,retrain,0.20205319986878395
62,-1,0,12,clip,0.6686479464808347
62,-1,0,16,retrain,0.631794887388885
62,-1,0,16,clip,0.631794887388885
62,-1,1,2,retrain,1.1287291884359862
62,-1,1,2,clip,1.07591135755894
62,-1,1,4,retrain,0.46765145971206007
62,-1,1,4,clip,0.9651593378830338
62,-1,1,8,retrain,0.2657597770232728
62,-1,1,8,clip,0.7809449345845385
62,-1,1,12,retrain,0.3251171294184605
62,-1,1,12,clip,0.7296570292756335
62,-1,1,16,retrain,0.689777138924049
62,-1,1,16,clip,0.689777138924049
62,-1,2,2,retrain,1.1191145874253074
62,-1,2,2,clip,1.1033361270280595
62,-1,2,4,retrain,0.4936379297295232
62,-1,2,4,clip,0.9866306763559478
62,-1,2,8,retrain,0.2022067521349307
62,-1,2,8,clip,0.804804912631423
62,-1,2,12,retrain,0.25209172909894256
62,-1,2,12,clip,0.7568766116776308
62,-1,2,16,retrain,0.7164133758655116
62,-1,2,16,clip,0.7164133758655116
63,2,0,2,retrain,1.0794111768152779
63,2,0,2,clip,1.029974188073013
63,2,0,4,retrain,0.5057342205937334
63,2,0,4,clip,0.9166637325482608
63,2,0,8,retrain,0.23963791947500412
63,2,0,8,clip,0.6786157063475252
63,2,0,12,retrain,0.2136999048783179
63,2,0,12,clip,0.6207796257940311
63,2,0,16,retrain,0.5819279493694107
63,2,0,16,clip,0.5819279493694107
63,2,1,2,retrain,1.1044793134497568
63,2,1,2,clip,1.0707343490954686
63,2,1,4,retrain,0.5358902564166634
63,2,1,4,clip,0.994334561168918
63,2,1,8,retrain,0.2759482001665175
63,2,1,8,clip,0.768032970144457
63,2,1,12,retrain,0.33083555622936267
63,2,1,12,clip,0.6982737148536311
63,2,1,16,retrain,0.6580170098619186
63,2,1,16,clip,0.6580170098619186
63,2,2,2,retrain,1.038720880384617
63,2,2,2,clip,1.0671207514966914
63,2,2,4,retrain,0.5549970933067071
63,2,2,4,clip,0.9917975672868818
63,2,2,8,retrain,0.23946349961811278
63,2,2,8,clip,0.7661992591093391
63,2,2,12,retrain,0.2597143027413786
63,2,2,12,clip,0.7142626569039707
63,2,2,16,retrain,0.671951483086172
63,2,2,16,clip,0.671951483086172
64,1,0,2,retrain,1.0463340486375077
64,1,0,2,clip,1.0993343823398731
64,1,0,4,retrain,0.5400258823409175
64,1,0,4,clip,0.9565131582768888
64,1,0,8,retrain,0.18099990591123966
64,1,0,8,clip,0.7711001778921429
64,1,0,12,retrain,0.21585347565845342
64,1,0,12,clip,0.7126624400025676
64,1,0,16,retrain,0.6724975756217252
64,1,0,16,clip,0.6724975756217252
64,1,1,2,retrain,0.9025728688466493
64,1,1,2,clip,1.1060631494170934
64,1,1,4,retrain,0.48855052041351565
64,1,1,4,clip,0.9457363790975171
64,1,1,8,retrain,0.1985336151855217
64,1,1,8,clip,0.7641834760285605
64,1,1,12,retrain,0.256257920817487
64,1,1,12,clip,0.7072184362342564
64,1,1,16,retrain,0.6707909336880304
64,1,1,16,clip,0.6707909336880304
64,1,2,2,retrain,1.1083612074126046
64,1,2,2,clip,1.0751191679646541
64,1,2,4,retrain,0.49754816978527644
64,1,2,4,clip,0.9463488220040577
64,1,2,8,retrain,0.19593606828455712
64,1,2,8,clip,0.7449431472260551
64,1,2,12,retrain,0.21903741622237966
64,1,2,12,clip,0.697556209901281
64,1,2,16,retrain,0.659425044962421
64,1,2,16,clip,0.659425044962421
65,4,0,2,retrain,1.0138280200953331
65,4,0,2,clip,1.1100346402201415
65,4,0,4,retrain,0.6469541812554171
65,4,0,4,clip,1.0815399732809219
65,4,0,8,retrain,0.3652346824500157
65,4,0,8,clip,0.6568599689247007
65,4,0,12,retrain,0.26620739612200717
65,4,0,12,clip,0.5219880480714263
65,4,0,16,retrain,0.4569167673079282
65,4,0,16,clip,0.4569167673079282
65,4,1,2,retrain,0.9591818450503108
65,4,1,2,clip,1.154506885330542
65,4,1,4,retrain,0.6163736392372108
65,4,1,4,clip,1.1193930179630016
65,4,1,8,retrain,0.30525228713067076
65,4,1,8,clip,0.6937050279369249
65,4,1,12,retrain,0.2881807035256256
65,4,1,12,clip,0.5518080534407522
65,4,1,16,retrain,0.48406491828110426
65,4,1,16,clip,0.48406491828110426
65,4,2,2,retrain,1.0006198273029998
65,4,2,2,clip,1.157766166785278
65,4,2,4,retrain,0.6187804685982156
65,4,2,4,clip,1.133496578194568
65,4,2,8,retrain,0.3324032230121765
65,4,2,8,clip,0.6695050192474794
65,4,2,12,retrain,0.27241463534098015
65,4,2,12,clip,0.5363954984803015
65,4,2,16,retrain,0.4673516950817891
65,4,2,16,clip,0.4673516950817891
66,0,0,2,retrain,0.9129804075174377
66,0,0,2,clip,1.0613639268375148
66,0,0,4,retrain,0.4903579712550713
66,0,0,4,clip,0.9350640185310142
66,0,0,8,retrain,0.21519150775762594
66,0,0,8,clip,0.7336252494072988
66,0,0,12,retrain,0.22139156484302852
66,0,0,12,clip,0.6691265427707046
66,0,0,16,retrain,0.6281780534721261
66,0,0,16,clip,0.6281780534721261
66,0,1,2,retrain,0.9016778418835628
66,0,1,2,clip,1.1098312459929986
66,0,1,4,retrain,0.47775134834685545
66,0,1,4,clip,0.9327540232823153
66,0,1,8,retrain,0.1784688845371745
66,0,1,8,clip,0.7150836753085634
66,0,1,12,retrain,0.26466832928372547
66,0,1,12,clip,0.656114767660764
66,0,1,16,retrain,0.6130024410399629
66,0,1,16,clip,0.6130024410399629
66,0,2,2,retrain,0.7942920976491381
66,0,2,2,clip,1.051654466545375
66,0,2,4,retrain,0.4479866299787079
66,0,2,4,clip,0.9310419158631479
66,0,2,8,retrain,0.18346200621920833
66,0,2,8,clip,0.7350117450586555
66,0,2,12,retrain,0.20149950727112054
66,0,2,12,clip,0.6672965338165726
66,0,2,16,retrain,0.6217582204139501
66,0,2,16,clip,0.6217582204139501
67,3,0,2,retrain,1.0547146336153463
67,3,0,2,clip,1.05853927642864
67,3,0,4,retrain,0.5572334846418467
67,3,0,4,clip,0.9879181605860132
67,3,0,8,retrain,0.23775102092109565
67,3,0,8,clip,0.6623156309898032
67,3,0,12,retrain,0.20919254893622782
67,3,0,12,clip,0.5766606979608973
67,3,0,16,retrain,0.5420852193402642
67,3,0,16,clip,0.5420852193402642
67,3,1,2,retrain,0.952564428381677
67,3,1,2,clip,1.1041038089215993
67,3,1,4,retrain,0.5495969802098866
67,3,1,4,clip,1.0342116680615296
67,3,1,8,retrain,0.21981373962520026
67,3,1,8,clip,0.6912986884745839
67,3,1,12,retrain,0.24829121311215663
67,3,1,12,clip,0.6105379903728633
67,3,1,16,retrain,0.5708930383284593
67,3,1,16,clip,0.5708930383284593
67,3,2,2,retrain,0.9818881948703363
67,3,2,2,clip,1.1049500908900907
67,3,2,4,retrain,0.5401976085758361
67,3,2,4,clip,1.0455275017728338
67,3,2,8,retrain,0.21686897756781257
67,3,2,8,clip,0.6993300205109437
67,3,2,12,retrain,0.20739383406417936
67,3,2,12,clip,0.617853545562404
67,3,2,16,retrain,0.5773625194613649
67,3,2,16,clip,0.5773625194613649
68,-1,0,2,retrain,1.0177420231491576
68,-1,0,2,clip,0.985145473616652
68,-1,0,4,retrain,0.42837592701478633
68,-1,0,4,clip,0.8788936216462357
68,-1,0,8,retrain,0.21472287072189156
68,-1,0,8,clip,0.7468348851340193
68,-1,0,12,retrain,0.24609175530743513
68,-1,0,12,clip,0.6936874298653223
68,-1,0,16,retrain,0.6566830269653017
68,-1,0,16,clip,0.6566830269653017
68,-1,1,2,retrain,1.205329676470758
68,-1,1,2,clip,1.0158670788448332
68,-1,1,4,retrain,0.4893531097898391
68,-1,1,4,clip,0.9237755177209133
68,-1,1,8,retrain,0.21380941265903006
68,-1,1,8,clip,0.779555547276954
68,-1,1,12,retrain,0.32292031656148323
68,-1,1,12,clip,0.7332034976744528
68,-1,1,16,retrain,0.692484935417106
68,-1,1,16,clip,0.692484935417106
68,-1,2,2,retrain,1.1416930823096527
68,-1,2,2,clip,1.0264462139150219
68,-1,2,4,retrain,0.4448725136469797
68,-1,2,4,clip,0.9700756773727978
68,-1,2,8,retrain,0.2004002075355673
68,-1,2,8,clip,0.8406713924347665
68,-1,2,12,retrain,0.24876033959120916
68,-1,2,12,clip,0.7907499472248454
68,-1,2,16,retrain,0.7470649934623483
68,-1,2,16,clip,0.7470649934623483
69,1,0,2,retrain,1.1218348592052627
69,1,0,2,clip,1.1022980143000864
69,1,0,4,retrain,0.5686932286857207
69,1,0,4,clip,0.954762393903245
69,1,0,8,retrain,0.310895253238356
69,1,0,8,clip,0.663459805171988
69,1,0,12,retrain,0.2403109850763475
69,1,0,12,clip,0.5771865726479766
69,1,0,16,retrain,0.5329200985998327
69,1,0,16,clip,0.5329200985998327
69,1,1,2,retrain,1.0530063063528687
69,1,1,2,clip,1.125575262128812
69,1,1,4,retrain,0.5804618441768613
69,1,1,4,clip,1.0208933662780528
69,1,1,8,retrain,0.3228419014783145
69,1,1,8,clip,0.7201405310218221
69,1,1,12,retrain,0.32692032295776996
69,1,1,12,clip,0.6429654648335271
69,1,1,16,retrain,0.5956257554018555
69,1,1,16,clip,0.5956257554018555
69,1,2,2,retrain,1.1229020409962345
69,1,2,2,clip,1.1658066934922875
69,1,2,4,retrain,0.6185130942086898
69,1,2,4,clip,1.0208564641565852
69,1,2,8,retrain,0.3064863759482358
69,1,2,8,clip,0.7093988643219609
69,1,2,12,retrain,0.2658399290093513
69,1,2,12,clip,0.6347675230530601
69,1,2,16,retrain,0.5890715576596273
69,1,2,16,clip,0.5890715576596273
70,-2,0,2,retrain,0.9938393733510961
70,-2,0,2,clip,1.0310906677669769
70,-2,0,4,retrain,0.545971349320908
70,-2,0,4,clip,0.9241305191823985
70,-2,0,8,retrain,0.2863737334236342
70,-2,0,8,clip,0.693867246800361
70,-2,0,12,retrain,0.25000753675938314
70,-2,0,12,clip,0.6289149956547266
70,-2,0,16,retrain,0.5963244974493527
70,-2,0,16,clip,0.5963244974493527
70,-2,1,2,retrain,1.0748436078055827
70,-2,1,2,clip,1.1248499825400478
70,-2,1,4,retrain,0.5258399071648072
70,-2,1,4,clip,1.0132132338514637
70,-2,1,8,retrain,0.3433015111024706
70,-2,1,8,clip,0.7984050627411131
70,-2,1,12,retrain,0.3911593487403867
70,-2,1,12,clip,0.7409181844307741
70,-2,1,16,retrain,0.7033375863332681
70,-2,1,16,clip,0.7033375863332681
70,-2,2,2,retrain,1.058299366096168
70,-2,2,2,clip,1.096839042352047
70,-2,2,4,retrain,0.5862852105243318
70,-2,2,4,clip,0.9987598285589007
70,-2,2,8,retrain,0.29869774491714496
70,-2,2,8,clip,0.7545179626500241
70,-2,2,12,retrain,0.25701195721435627
70,-2,2,12,clip,0.693085949840072
70,-2,2,16,retrain,0.6573417798611874
70,-2,2,16,clip,0.6573417798611874
71,-4,0,2,retrain,1.0570542175074276
71,-4,0,2,clip,1.1264909574240916
71,-4,0,4,retrain,0.6355608700230241
71,-4,0,4,clip,1.0455099994035313
71,-4,0,8,retrain,0.3981823168196064
71,-4,0,8,clip,0.7312335629479693
71,-4,0,12,retrain,0.3310886506441714
71,-4,0,12,clip,0.5944608151957707
71,-4,0,16,retrain,0.5194495559370912
71,-4,0,16,clip,0.5194495559370912
71,-4,1,2,retrain,0.9842169498811885
71,-4,1,2,clip,1.1629699749814875
71,-4,1,4,retrain,0.6278196842968697
71,-4,1,4,clip,1.1115836417441372
71,-4,1,8,retrain,0.40246265342441695
71,-4,1,8,clip,0.7474408479183765
71,-4,1,12,retrain,0.35949062089532063
71,-4,1,12,clip,0.6254744603784685
71,-4,1,16,retrain,0.5550282770575797
71,-4,1,16,clip,0.5550282770575797
71,-4,2,2,retrain,1.0165231814748033
71,-4,2,2,clip,1.1583887113112667
71,-4,2,4,retrain,0.6734815668852582
71,-4,2,4,clip,1.1309189893455107
71,-4,2,8,retrain,0.361344285870613
71,-4,2,8,clip,0.7552710228730541
71,-4,2,12,retrain,0.33494130759930235
71,-4,2,12,clip,0.6218694234205483
71,-4,2,16,retrain,0.5429216405745719
71,-4,2,16,clip,0.5429216405745719
72,0,0,2,retrain,0.8891520174840759
72,0,0,2,clip,1.071426656874297
72,0,0,4,retrain,0.44399342032585937
72,0,0,4,clip,0.9533310693908318
72,0,0,8,retrain,0.20246013791076906
72,0,0,8,clip,0.7802079650561762
72,0,0,12,retrain,0.2601260662743961
72,0,0,12,clip,0.735571123657152
72,0,0,16,retrain,0.695382989938687
72,0,0,16,clip,0.695382989938687
72,0,1,2,retrain,0.9113513575130721
72,0,1,2,clip,1.0819804989705808
72,0,1,4,retrain,0.4512987480230952
72,0,1,4,clip,0.9080455278411423
72,0,1,8,retrain,0.16729312772161983
72,0,1,8,clip,0.7390382508153431
72,0,1,12,retrain,0.2563647261816654
72,0,1,12,clip,0.692885476949149
72,0,1,16,retrain,0.653136627998307
72,0,1,16,clip,0.653136627998307
72,0,2,2,retrain,0.9287452559185347
72,0,2,2,clip,1.0218989954282118
72,0,2,4,retrain,0.4574952122957631
72,0,2,4,clip,0.8535113276017489
72,0,2,8,retrain,0.1640850734869259
72,0,2,8,clip,0.656469079242009
72,0,2,12,retrain,0.18602341403297
72,0,2,12,clip,0.6052383772164551
72,0,2,16,retrain,0.5682572619591899
72,0,2,16,clip,0.5682572619591899
73,3,0,2,retrain,1.0376658991205367
73,3,0,2,clip,1.0578346198998883
73,3,0,4,retrain,0.5777793279472474
73,3,0,4,clip,1.0100642126133823
73,3,0,8,retrain,0.22954988335334314
73,3,0,8,clip,0.6935860841194741
73,3,0,12,retrain,0.23567129226966432
73,3,0,12,clip,0.5967842594228018
73,3,0,16,retrain,0.5510126430944854
73,3,0,16,clip,0.5510126430944854
73,3,1,2,retrain,1.104323515277089
73,3,1,2,clip,1.0839675009487422
73,3,1,4,retrain,0.5608696297817433
73,3,1,4,clip,1.0192282119258738
73,3,1,8,retrain,0.23017192779624915
73,3,1,8,clip,0.6826032528531094
73,3,1,12,retrain,0.26104096085883893
73,3,1,12,clip,0.5883620923335899
73,3,1,16,retrain,0.5452177435112022
73,3,1,16,clip,0.5452177435112022
73,3,2,2,retrain,1.0335795789532463
73,3,2,2,clip,1.0831504290867677
73,3,2,4,retrain,0.5408633817674507
73,3,2,4,clip,0.9873102342012665
73,3,2,8,retrain,0.21910354413202335
73,3,2,8,clip,0.6528768138110719
73,3,2,12,retrain,0.195214404950259
73,3,2,12,clip,0.5634542470168292
73,3,2,16,retrain,0.5153221635282715
73,3,2,16,clip,0.5153221635282715
74,1,0,2,retrain,1.0877039068187535
74,1,0,2,clip,0.9758117177253773
74,1,0,4,retrain,0.4509075259028885
74,1,0,4,clip,0.8666794053548267
74,1,0,8,retrain,0.22026843662543172
74,1,0,8,clip,0.743203364337004
74,1,0,12,retrain,0.21772731973224219
74,1,0,12,clip,0.7081976988025053
74,1,0,16,retrain,0.6692556527050804
74,1,0,16,clip,0.6692556527050804
74,1,1,2,retrain,1.19756390867292
74,1,1,2,clip,1.0121672211945518
74,1,1,4,retrain,0.4151188418343206
74,1,1,4,clip,0.8925626164914208
74,1,1,8,retrain,0.20260739471789035
74,1,1,8,clip,0.7714544930101938
74,1,1,12,retrain,0.2999242936717553
74,1,1,12,clip,0.7294188787453791
74,1,1,16,retrain,0.6901082321693136
74,1,1,16,clip,0.6901082321693136
74,1,2,2,retrain,0.894926840199922
74,1,2,2,clip,0.9595732834198544
74,1,2,4,retrain,0.40217606596660516
74,1,2,4,clip,0.8178086581450054
74,1,2,8,retrain,0.19697683065082677
74,1,2,8,clip,0.6931671323495462
74,1,2,12,retrain,0.1748109783608223
74,1,2,12,clip,0.6590986876972393
74,1,2,16,retrain,0.6216430235605958
74,1,2,16,clip,0.6216430235605958
75,3,0,2,retrain,1.0090022147549107
75,3,0,2,clip,1.0496593193426083
75,3,0,4,retrain,0.576365912420448
75,3,0,4,clip,0.9943366183894486
75,3,0,8,retrain,0.27854015183523384
75,3,0,8,clip,0.6682594931205218
75,3,0,12,retrain,0.23418008552337863
75,3,0,12,clip,0.5462529753908492
75,3,0,16,retrain,0.4926767184484844
75,3,0,16,clip,0.4926767184484844
75,3,1,2,retrain,0.9221656873963168
75,3,1,2,clip,1.101436268561783
75,3,1,4,retrain,0.5867899332210366
75,3,1,4,clip,1.0266385928081005
75,3,1,8,retrain,0.26105540315849285
75,3,1,8,clip,0.6793634573225243
75,3,1,12,retrain,0.28159009807501395
75,3,1,12,clip,0.5885617702630469
75,3,1,16,retrain,0.5358254182124116
75,3,1,16,clip,0.5358254182124116
75,3,2,2,retrain,0.9673708543017653
75,3,2,2,clip,1.0971777914047596
75,3,2,4,retrain,0.5538189714966822
75,3,2,4,clip,1.0260408305340598
75,3,2,8,retrain,0.26541618568631786
75,3,2,8,clip,0.6581486883401201
75,3,2,12,retrain,0.2423389613590413
75,3,2,12,clip,0.5529357372429953
75,3,2,16,retrain,0.4927209028388091
75,3,2,16,clip,0.4927209028388091
76,4,0,2,retrain,1.0154381066694516
76,4,0,2,clip,1.1105867807648957
76,4,0,4,retrain,0.6175630681266171
76,4,0,4,clip,1.0699836352071737
76,4,0,8,retrain,0.3103220720728393
76,4,0,8,clip,0.6916015809688153
76,4,0,12,retrain,0.2535278206649176
76,4,0,12,clip,0.5596113321623315
76,4,0,16,retrain,0.4969191264393888
76,4,0,16,clip,0.4969191264393888
76,4,1,2,retrain,0.9483387871097542
76,4,1,2,clip,1.1414644391962498
76,4,1,4,retrain,0.606353368112251
76,4,1,4,clip,1.079694471823469
76,4,1,8,retrain,0.2893654927490363
76,4,1,8,clip,0.675289811306925
76,4,1,12,retrain,0.2635679027828489
76,4,1,12,clip,0.5471643199450271
76,4,1,16,retrain,0.48469528024870157
76,4,1,16,clip,0.48469528024870157
76,4,2,2,retrain,0.9965742021372951
76,4,2,2,clip,1.1440339881875112
76,4,2,4,retrain,0.6189665295848547
76,4,2,4,clip,1.0998687131971758
76,4,2,8,retrain,0.30331583176854954
76,4,2,8,clip,0.6961958313308122
76,4,2,12,retrain,0.27871928763015363
76,4,2,12,clip,0.5686214054936802
76,4,2,16,retrain,0.5024810017812663
76,4,2,16,clip,0.5024810017812663
77,-3,0,2,retrain,1.0636061315636998
77,-3,0,2,clip,1.0635138397687838
77,-3,0,4,retrain,0.5434398372873956
77,-3,0,4,clip,1.0137585785200514
77,-3,0,8,retrain,0.27212604380154515
77,-3,0,8,clip,0.7077796933397523
77,-3,0,12,retrain,0.22315223397221656
77,-3,0,12,clip,0.6104064670873262
77,-3,0,16,retrain,0.5682524255832738
77,-3,0,16,clip,0.5682524255832738
77,-3,1,2,retrain,1.0593153049859756
77,-3,1,2,clip,1.1151206847178063
77,-3,1,4,retrain,0.5229920050665767
77,-3,1,4,clip,1.0652696326609887
77,-3,1,8,retrain,0.2564888813113175
77,-3,1,8,clip,0.6823498386736484
77,-3,1,12,retrain,0.25400112804986463
77,-3,1,12,clip,0.5965066257341693
77,-3,1,16,retrain,0.5503863579107474
77,-3,1,16,clip,0.5503863579107474
77,-3,2,2,retrain,1.069492902365075
77,-3,2,2,clip,1.1164354255784088
77,-3,2,4,retrain,0.5732522034263919
77,-3,2,4,clip,1.0634312076539765
77,-3,2,8,retrain,0.25122624748605066
77,-3,2,8,clip,0.6961289203791017
77,-3,2,12,retrain,0.21737267857685644
77,-3,2,12,clip,0.6031818171825848
77,-3,2,16,retrain,0.5599610591224538
77,-3,2,16,clip,0.5599610591224538
78,-4,0,2,retrain,1.0556612544220183
78,-4,0,2,clip,1.117860042432618
78,-4,0,4,retrain,0.7047784870309408
78,-4,0,4,clip,1.0697942734493893
78,-4,0,8,retrain,0.40815351247036447
78,-4,0,8,clip,0.7279473496170781
78,-4,0,12,retrain,0.32659201645185276
78,-4,0,12,clip,0.5635389856258834
78,-4,0,16,retrain,0.4802856110984596
78,-4,0,16,clip,0.4802856110984596
78,-4,1,2,retrain,0.9799120593388088
78,-4,1,2,clip,1.1651414335248966
78,-4,1,4,retrain,0.6615863724029134
78,-4,1,4,clip,1.1330236524315966
78,-4,1,8,retrain,0.4125228712123091
78,-4,1,8,clip,0.723090617291171
78,-4,1,12,retrain,0.36889561732568016
78,-4,1,12,clip,0.6076755703985437
78,-4,1,16,retrain,0.5246066774742606
78,-4,1,16,clip,0.5246066774742606
78,-4,2,2,retrain,1.050998865078274
78,-4,2,2,clip,1.1712584128461965
78,-4,2,4,retrain,0.6669350151459605
78,-4,2,4,clip,1.129536009689477
78,-4,2,8,retrain,0.37572433227043783
78,-4,2,8,clip,0.7684293219117485
78,-4,2,12,retrain,0.3502032453717336
78,-4,2,12,clip,0.6310843839942751
78,-4,2,16,retrain,0.5514470979906109
78,-4,2,16,clip,0.5514470979906109
79,4,0,2,retrain,0.99072304928151
79,4,0,2,clip,1.1247265704935625
79,4,0,4,retrain,0.6697294566601889
79,4,0,4,clip,1.1107702777225859
79,4,0,8,retrain,0.3408581409270621
79,4,0,8,clip,0.6899258785893346
79,4,0,12,retrain,0.26036967983196757
79,4,0,12,clip,0.5293695064967893
79,4,0,16,retrain,0.4685584513761063
79,4,0,16,clip,0.4685584513761063
79,4,1,2,retrain,0.9312173867856928
79,4,1,2,clip,1.193014468123717
79,4,1,4,retrain,0.6229066420588221
79,4,1,4,clip,1.1432989563045535
79,4,1,8,retrain,0.29568886086330426
79,4,1,8,clip,0.648610285077697
79,4,1,12,retrain,0.2514417184466678
79,4,1,12,clip,0.5051509139893253
79,4,1,16,retrain,0.4404215739372206
79,4,1,16,clip,0.4404215739372206
79,4,2,2,retrain,1.0337917977433777
79,4,2,2,clip,1.1957903064621638
79,4,2,4,retrain,0.6777818564836028
79,4,2,4,clip,1.1591094235237938
79,4,2,8,retrain,0.3177101593619372
79,4,2,8,clip,0.6564014809752039
79,4,2,12,retrain,0.27392077613731874
79,4,2,12,clip,0.5138941805877577
79,4,2,16,retrain,0.4458386384618466
79,4,2,16,clip,0.4458386384618466
80,-4,0,2,retrain,1.047350731512451
80,-4,0,2,clip,1.10676016496214
80,-4,0,4,retrain,0.5992571872781474
80,-4,0,4,clip,1.0523219921191695
80,-4,0,8,retrain,0.34856723272062134
80,-4,0,8,clip,0.6579352450498092
80,-4,0,12,retrain,0.21906480724265684
80,-4,0,12,clip,0.5266511087408469
80,-4,0,16,retrain,0.48187166031079975
80,-4,0,16,clip,0.48187166031079975
80,-4,1,2,retrain,1.0054575434771995
80,-4,1,2,clip,1.1446169259877332
80,-4,1,4,retrain,0.5921006152105681
80,-4,1,4,clip,1.0892481360619783
80,-4,1,8,retrain,0.296189305638306
80,-4,1,8,clip,0.6752648664603118
80,-4,1,12,retrain,0.2714102701596235
80,-4,1,12,clip,0.5660007644689093
80,-4,1,16,retrain,0.5235636055799308
80,-4,1,16,clip,0.5235636055799308
80,-4,2,2,retrain,1.0804572911826509
80,-4,2,2,clip,1.142941905236967
80,-4,2,4,retrain,0.6305632430024534
80,-4,2,4,clip,1.074578768325478
80,-4,2,8,retrain,0.24789065739324007
80,-4,2,8,clip,0.6451919049315347
80,-4,2,12,retrain,0.21449187339234718
80,-4,2,12,clip,0.5317724996875342
80,-4,2,16,retrain,0.4868812339048549
80,-4,2,16,clip,0.4868812339048549
81,-4,0,2,retrain,1.00570094764715
81,-4,0,2,clip,1.138933989303894
81,-4,0,4,retrain,0.650472351090402
81,-4,0,4,clip,1.1298454429210059
81,-4,0,8,retrain,0.3572730686045496
81,-4,0,8,clip,0.6714370103163271
81,-4,0,12,retrain,0.2935592194545602
81,-4,0,12,clip,0.5350278481909415
81,-4,0,16,retrain,0.46281791104486597
81,-4,0,16,clip,0.46281791104486597
81,-4,1,2,retrain,1.015575276317051
81,-4,1,2,clip,1.186795728564109
81,-4,1,4,retrain,0.6701337998967523
81,-4,1,4,clip,1.14871769257223
81,-4,1,8,retrain,0.35578198771631386
81,-4,1,8,clip,0.7097496710839022
81,-4,1,12,retrain,0.30040768404282686
81,-4,1,12,clip,0.5700085474744434
81,-4,1,16,retrain,0.4914331060902093
81,-4,1,16,clip,0.4914331060902093
81,-4,2,2,retrain,1.0449249964486726
81,-4,2,2,clip,1.2009861708362761
81,-4,2,4,retrain,0.7079130685746028
81,-4,2,4,clip,1.2154877308585752
81,-4,2,8,retrain,0.34490328895737954
81,-4,2,8,clip,0.7316941239681563
81,-4,2,12,retrain,0.335465502554397
81,-4,2,12,clip,0.5928220117940789
81,-4,2,16,retrain,0.50956433717537
81,-4,2,16,clip,0.50956433717537
82,0,0,2,retrain,0.9193350744476172
82,0,0,2,clip,1.028050505877159
82,0,0,4,retrain,0.4588515715670831
82,0,0,4,clip,0.9513546456099711
82,0,0,8,retrain,0.18225360938252355
82,0,0,8,clip,0.7760167070133464
82,0,0,12,retrain,0.25445935420943994
82,0,0,12,clip,0.7317669709867033
82,0,0,16,retrain,0.6912830363416873
82,0,0,16,clip,0.6912830363416873
82,0,1,2,retrain,1.0679526021080175
82,0,1,2,clip,1.0293447804750737
82,0,1,4,retrain,0.44383402875658357
82,0,1,4,clip,0.9283644053662014
82,0,1,8,retrain,0.1440335289929468
82,0,1,8,clip,0.7560461338462848
82,0,1,12,retrain,0.2707236325520376
82,0,1,12,clip,0.7043862969106766
82,0,1,16,retrain,0.6616373469243302
82,0,1,16,clip,0.6616373469243302
82,0,2,2,retrain,0.9426560653914416
82,0,2,2,clip,0.9716102123409486
82,0,2,4,retrain,0.41896154250846696
82,0,2,4,clip,0.906377803550542
82,0,2,8,retrain,0.15980888470462376
82,0,2,8,clip,0.7464173153608407
82,0,2,12,retrain,0.20019566365869004
82,0,2,12,clip,0.6970292944069587
82,0,2,16,retrain,0.6556030929521591
82,0,2,16,clip,0.6556030929521591
83,3,0,2,retrain,1.0369710429123873
83,3,0,2,clip,1.1265494840026102
83,3,0,4,retrain,0.6208669461048679
83,3,0,4,clip,1.0781603750695592
83,3,0,8,retrain,0.2967455112917373
83,3,0,8,clip,0.7767451637390144
83,3,0,12,retrain,0.2943110742934226
83,3,0,12,clip,0.674629141298892
83,3,0,16,retrain,0.6210836418060838
83,3,0,16,clip,0.6210836418060838
83,3,1,2,retrain,0.9401325089225284
83,3,1,2,clip,1.1468804394060035
83,3,1,4,retrain,0.5816008964222366
83,3,1,4,clip,1.073512410533319
83,3,1,8,retrain,0.28922288139805585
83,3,1,8,clip,0.7281538068674667
83,3,1,12,retrain,0.2951047618593242
83,3,1,12,clip,0.6322581436603292
83,3,1,16,retrain,0.5748026624771915
83,3,1,16,clip,0.5748026624771915
83,3,2,2,retrain,1.0500993123918496
83,3,2,2,clip,1.1132214659064081
83,3,2,4,retrain,0.5745473871201954
83,3,2,4,clip,1.0502874058826666
83,3,2,8,retrain,0.2827344285408108
83,3,2,8,clip,0.6851466837490181
83,3,2,12,retrain,0.2769425781810244
83,3,2,12,clip,0.5944202618286891
83,3,2,16,retrain,0.5372628800237851
83,3,2,16,clip,0.5372628800237851
84,1,0,2,retrain,1.2201325449598157
84,1,0,2,clip,1.0412411764110165
84,1,0,4,retrain,0.4667700893195423
84,1,0,4,clip,0.9360519332555621
84,1,0,8,retrain,0.21015607521015608
84,1,0,8,clip,0.7340628882620305
84,1,0,12,retrain,0.21852798007802035
84,1,0,12,clip,0.6817840683999854
84,1,0,16,retrain,0.6440437857534215
84,1,0,16,clip,0.6440437857534215
84,1,1,2,retrain,1.13967609004164
84,1,1,2,clip,1.0932273430355177
84,1,1,4,retrain,0.44460999446782534
84,1,1,4,clip,0.9606039508918831
84,1,1,8,retrain,0.16627984181114638
84,1,1,8,clip,0.775406754446734
84,1,1,12,retrain,0.2828525545189665
84,1,1,12,clip,0.7192495859845337
84,1,1,16,retrain,0.6771674497986409
84,1,1,16,clip,0.6771674497986409
84,1,2,2,retrain,1.3045094034649074
84,1,2,2,clip,1.0699099428301242
84,1,2,4,retrain,0.508322110085702
84,1,2,4,clip,0.9491666960751225
84,1,2,8,retrain,0.2145207750678918
84,1,2,8,clip,0.7785783162306054
84,1,2,12,retrain,0.20941460645074575
84,1,2,12,clip,0.7218597405455566
84,1,2,16,retrain,0.6788861199698698
84,1,2,16,clip,0.6788861199698698
85,-3,0,2,retrain,1.0171786420775402
85,-3,0,2,clip,1.139576713672929
85,-3,0,4,retrain,0.6206775635006221
85,-3,0,4,clip,1.0514284062878163
85,-3,0,8,retrain,0.29981993429137793
85,-3,0,8,clip,0.6974879733139489
85,-3,0,12,retrain,0.2737120469258261
85,-3,0,12,clip,0.5837213900665735
85,-3,0,16,retrain,0.528468774790535
85,-3,0,16,clip,0.528468774790535
85,-3,1,2,retrain,0.9669383142183836
85,-3,1,2,clip,1.1689136262514201
85,-3,1,4,retrain,0.6376119088237923
85,-3,1,4,clip,1.0971474722960914
85,-3,1,8,retrain,0.31735928537650765
85,-3,1,8,clip,0.6992249760421094
85,-3,1,12,retrain,0.2882656766825541
85,-3,1,12,clip,0.5979406034334671
85,-3,1,16,retrain,0.5444722800904681
85,-3,1,16,clip,0.5444722800904681
85,-3,2,2,retrain,1.079456819094816
85,-3,2,2,clip,1.163380553821844
85,-3,2,4,retrain,0.6398890969683678
85,-3,2,4,clip,1.0966233898782942
85,-3,2,8,retrain,0.3034640061714374
85,-3,2,8,clip,0.7030979681741489
85,-3,2,12,retrain,0.2695806376986415
85,-3,2,12,clip,0.5963224739043675
85,-3,2,16,retrain,0.539884565960601
85,-3,2,16,clip,0.539884565960601
86,3,0,2,retrain,1.0753658189873345
86,3,0,2,clip,1.090325526549697
86,3,0,4,retrain,0.5738257527308641
86,3,0,4,clip,1.0378377612976866
86,3,0,8,retrain,0.2809912779003337
86,3,0,8,clip,0.7570716836647219
86,3,0,12,retrain,0.23915978933991794
86,3,0,12,clip,0.665925867409082
86,3,0,16,retrain,0.6226117727707404
86,3,0,16,clip,0.6226117727707404
86,3,1,2,retrain,0.9602877004632617
86,3,1,2,clip,1.1291353001421034
86,3,1,4,retrain,0.562497869770865
86,3,1,4,clip,1.040963260857811
86,3,1,8,retrain,0.25739590793286393
86,3,1,8,clip,0.7443703814203354
86,3,1,12,retrain,0.27040612746633336
86,3,1,12,clip,0.6638291195839113
86,3,1,16,retrain,0.6176812560530239
86,3,1,16,clip,0.6176812560530239
86,3,2,2,retrain,1.022038848146961
86,3,2,2,clip,1.0988501369172818
86,3,2,4,retrain,0.5660343324800037
86,3,2,4,clip,1.034496892682297
86,3,2,8,retrain,0.2520492113666933
86,3,2,8,clip,0.7085373396780469
86,3,2,12,retrain,0.2247414248540994
86,3,2,12,clip,0.62513024305975
86,3,2,16,retrain,0.5806098098715724
86,3,2,16,clip,0.5806098098715724
87,4,0,2,retrain,1.0248700711720506
87,4,0,2,clip,1.1395926526489815
87,4,0,4,retrain,0.688866346025942
87,4,0,4,clip,1.104816583001096
87,4,0,8,retrain,0.37679826675784567
87,4,0,8,clip,0.605262764198275
87,4,0,12,retrain,0.25302400427212635
87,4,0,12,clip,0.4551467797418707
87,4,0,16,retrain,0.40463730193661124
87,4,0,16,clip,0.40463730193661124
87,4,1,2,retrain,0.9460810125196621
87,4,1,2,clip,1.1921754324824065
87,4,1,4,retrain,0.6802240738368511
87,4,1,4,clip,1.177892851612335
87,4,1,8,retrain,0.3327274964447034
87,4,1,8,clip,0.6643901370854924
87,4,1,12,retrain,0.30381310919215043
87,4,1,12,clip,0.524389504066248
87,4,1,16,retrain,0.46220321435526796
87,4,1,16,clip,0.46220321435526796
87,4,2,2,retrain,1.0499489753393485
87,4,2,2,clip,1.1889310952040764
87,4,2,4,retrain,0.6604449030806206
87,4,2,4,clip,1.1705024691010066
87,4,2,8,retrain,0.3145769452831224
87,4,2,8,clip,0.6375100921487334
87,4,2,12,retrain,0.2598421851264806
87,4,2,12,clip,0.48643344739370575
87,4,2,16,retrain,0.4307939955956309
87,4,2,16,clip,0.4307939955956309
88,-4,0,2,retrain,0.965255195226889
88,-4,0,2,clip,1.1086844102564117
88,-4,0,4,retrain,0.6453131669221975
88,-4,0,4,clip,1.0615500594087854
88,-4,0,8,retrain,0.333856596953461
88,-4,0,8,clip,0.6970662026214293
88,-4,0,12,retrain,0.29538199882229843
88,-4,0,12,clip,0.5564533931967667
88,-4,0,16,retrain,0.48978879149265087
88,-4,0,16,clip,0.48978879149265087
88,-4,1,2,retrain,0.9516961304192186
88,-4,1,2,clip,1.1325827567685058
88,-4,1,4,retrain,0.677357579363248
88,-4,1,4,clip,1.0975494002460535
88,-4,1,8,retrain,0.33255152226232987
88,-4,1,8,clip,0.6629516187828368
88,-4,1,12,retrain,0.29144583990878853
88,-4,1,12,clip,0.5221868846334071
88,-4,1,16,retrain,0.4601890196381459
88,-4,1,16,clip,0.4601890196381459
88,-4,2,2,retrain,1.062878428924976
88,-4,2,2,clip,1.141306805407651
88,-4,2,4,retrain,0.7084065618824319
88,-4,2,4,clip,1.10932943556854
88,-4,2,8,retrain,0.3393595120208081
88,-4,2,8,clip,0.6720902563711312
88,-4,2,12,retrain,0.2859042776547747
88,-4,2,12,clip,0.5250121285510733
88,-4,2,16,retrain,0.4513676754162689
88,-4,2,16,clip,0.4513676754162689
89,3,0,2,retrain,1.053799670340072
89,3,0,2,clip,1.0740432370720197
89,3,0,4,retrain,0.583642177103623
89,3,0,4,clip,0.9883645940743406
89,3,0,8,retrain,0.3044263401380261
89,3,0,8,clip,0.6765417781668953
89,3,0,12,retrain,0.2436160813548043
89,3,0,12,clip,0.5721336049858244
89,3,0,16,retrain,0.522379037588306
89,3,0,16,clip,0.522379037588306
89,3,1,2,retrain,0.9406350194524743
89,3,1,2,clip,1.1184216934050364
89,3,1,4,retrain,0.5528752643133408
89,3,1,4,clip,1.0341452289872601
89,3,1,8,retrain,0.26003237709894295
89,3,1,8,clip,0.7042016999184089
89,3,1,12,retrain,0.28024012716359586
89,3,1,12,clip,0.6048804424721977
89,3,1,16,retrain,0.5513700107029198
89,3,1,16,clip,0.5513700107029198
89,3,2,2,retrain,0.9856869035060908
89,3,2,2,clip,1.1041592597286876
89,3,2,4,retrain,0.5472453327747814
89,3,2,4,clip,1.0256736545124374
89,3,2,8,retrain,0.2751363641268323
89,3,2,8,clip,0.6942038516060062
89,3,2,12,retrain,0.24591763429855898
89,3,2,12,clip,0.5944286435101097
89,3,2,16,retrain,0.540001601112848
89,3,2,16,clip,0.540001601112848
90,-3,0,2,retrain,1.1064836444232575
90,-3,0,2,clip,1.0775434749491821
90,-3,0,4,retrain,0.5809945632943658
90,-3,0,4,clip,0.9994694080360336
90,-3,0,8,retrain,0.2488231688953467
90,-3,0,8,clip,0.6926396974712559
90,-3,0,12,retrain,0.22638936482513666
90,-3,0,12,clip,0.5991783552104855
90,-3,0,16,retrain,0.5570729018522053
90,-3,0,16,clip,0.5570729018522053
90,-3,1,2,retrain,0.9995105597122622
90,-3,1,2,clip,1.1249834876875087
90,-3,1,4,retrain,0.5440304678186021
90,-3,1,4,clip,1.0500023657086957
90,-3,1,8,retrain,0.21181133672119018
90,-3,1,8,clip,0.6942800281626335
90,-3,1,12,retrain,0.2688900282948679
90,-3,1,12,clip,0.6017730866394788
90,-3,1,16,retrain,0.5584755938785944
90,-3,1,16,clip,0.5584755938785944
90,-3,2,2,retrain,0.9936904223132328
90,-3,2,2,clip,1.1141659506939032
90,-3,2,4,retrain,0.57562430958551
90,-3,2,4,clip,1.0524686667034584
90,-3,2,8,retrain,0.20809478291627065
90,-3,2,8,clip,0.7050155521012221
90,-3,2,12,retrain,0.21339569335236375
90,-3,2,12,clip,0.613074263279231
90,-3,2,16,retrain,0.5701742531109375
90,-3,2,16,clip,0.5701742531109375
91,-2,0,2,retrain,0.8783822549724998
91,-2,0,2,clip,1.0964952490074293
91,-2,0,4,retrain,0.6117900614608104
91,-2,0,4,clip,0.9571314440059916
91,-2,0,8,retrain,0.31058894724677943
91,-2,0,8,clip,0.6795046530212059
91,-2,0,12,retrain,0.2658844341177644
91,-2,0,12,clip,0.5852604614287535
91,-2,0,16,retrain,0.5418531262929526
91,-2,0,16,clip,0.5418531262929526
91,-2,1,2,retrain,0.974654339184497
91,-2,1,2,clip,1.1619689434677671
91,-2,1,4,retrain,0.6055627008894982
91,-2,1,4,clip,1.0351451070668096
91,-2,1,8,retrain,0.31270200624120753
91,-2,1,8,clip,0.751642083096039
91,-2,1,12,retrain,0.3417871557559547
91,-2,1,12,clip,0.6705893778232307
91,-2,1,16,retrain,0.6293314542536009
91,-2,1,16,clip,0.6293314542536009
91,-2,2,2,retrain,0.9491218103458524
91,-2,2,2,clip,1.139957084510979
91,-2,2,4,retrain,0.5962119927173379
91,-2,2,4,clip,1.0352646760228486
91,-2,2,8,retrain,0.3023901654429942
91,-2,2,8,clip,0.7327837997806249
91,-2,2,12,retrain,0.2876108326093339
91,-2,2,12,clip,0.6503554015691566
91,-2,2,16,retrain,0.6050672828924507
91,-2,2,16,clip,0.6050672828924507
92,4,0,2,retrain,1.026553035397984
92,4,0,2,clip,1.1162197012871922
92,4,0,4,retrain,0.6390731206352361
92,4,0,4,clip,1.0982943996939105
92,4,0,8,retrain,0.2986020657892298
92,4,0,8,clip,0.6647664287973386
92,4,0,12,retrain,0.26211824157041547
92,4,0,12,clip,0.5163289222078158
92,4,0,16,retrain,0.4593484699684536
92,4,0,16,clip,0.4593484699684536
92,4,1,2,retrain,1.0018287676934647
92,4,1,2,clip,1.1597151484084334
92,4,1,4,retrain,0.622858535020501
92,4,1,4,clip,1.1339680978799773
92,4,1,8,retrain,0.25952732282152996
92,4,1,8,clip,0.6644148348244082
92,4,1,12,retrain,0.2600341212704026
92,4,1,12,clip,0.5316960862438732
92,4,1,16,retrain,0.46803969501527193
92,4,1,16,clip,0.46803969501527193
92,4,2,2,retrain,1.0059869664861834
92,4,2,2,clip,1.1680942105186582
92,4,2,4,retrain,0.6103387148321018
92,4,2,4,clip,1.1571311611002166
92,4,2,8,retrain,0.27929618712880894
92,4,2,8,clip,0.683989088920033
92,4,2,12,retrain,0.2757907329410153
92,4,2,12,clip,0.5405207046090096
92,4,2,16,retrain,0.477661359685629
92,4,2,16,clip,0.477661359685629
93,-3,0,2,retrain,0.9217969736755272
93,-3,0,2,clip,1.0571200251263277
93,-3,0,4,retrain,0.603529966581891
93,-3,0,4,clip,1.0001502821902208
93,-3,0,8,retrain,0.2471114347108923
93,-3,0,8,clip,0.7442984341914997
93,-3,0,12,retrain,0.2782877156003198
93,-3,0,12,clip,0.6574562600972049
93,-3,0,16,retrain,0.6120820044749947
93,-3,0,16,clip,0.6120820044749947
93,-3,1,2,retrain,0.9652816902903322
93,-3,1,2,clip,1.0631787398754908
93,-3,1,4,retrain,0.5256013360961513
93,-3,1,4,clip,0.9928410994860799
93,-3,1,8,retrain,0.26606959088063337
93,-3,1,8,clip,0.6961273394877243
93,-3,1,12,retrain,0.2767903387688831
93,-3,1,12,clip,0.6177979294594536
93,-3,1,16,retrain,0.5698183329222851
93,-3,1,16,clip,0.5698183329222851
93,-3,2,2,retrain,1.0687564119031019
93,-3,2,2,clip,1.076640107822299
93,-3,2,4,retrain,0.5546825794326966
93,-3,2,4,clip,1.0361251204725346
93,-3,2,8,retrain,0.2769663634595783
93,-3,2,8,clip,0.7491795665073311
93,-3,2,12,retrain,0.3057447666105356
93,-3,2,12,clip,0.6656942390921535
93,-3,2,16,retrain,0.6153172634070571
93,-3,2,16,clip,0.6153172634070571
94,3,0,2,retrain,1.0274366893575737
94,3,0,2,clip,1.0676740996942817
94,3,0,4,retrain,0.5868523222117695
94,3,0,4,clip,0.9899652244000593
94,3,0,8,retrain,0.2487917465018845
94,3,0,8,clip,0.6535178436172198
94,3,0,12,retrain,0.19874902736431516
94,3,0,12,clip,0.5640310235897626
94,3,0,16,retrain,0.5263064392899975
94,3,0,16,clip,0.5263064392899975
94,3,1,2,retrain,1.08620746426144
94,3,1,2,clip,1.1103862560205962
94,3,1,4,retrain,0.5414837228556303
94,3,1,4,clip,1.0248373996499405
94,3,1,8,retrain,0.20760252587748662
94,3,1,8,clip,0.6857962145232398
94,3,1,12,retrain,0.26247592643821227
94,3,1,12,clip,0.6064108767347509
94,3,1,16,retrain,0.5669767198721382
94,3,1,16,clip,0.5669767198721382
94,3,2,2,retrain,1.0381428112669377
94,3,2,2,clip,1.0889905543017566
94,3,2,4,retrain,0.5405506730732272
94,3,2,4,clip,1.0022866363895324
94,3,2,8,retrain,0.23254922535414008
94,3,2,8,clip,0.6460570862575064
94,3,2,12,retrain,0.1623324909909546
94,3,2,12,clip,0.5625116675773488
94,3,2,16,retrain,0.5219100037566252
94,3,2,16,clip,0.5219100037566252
95,3,0,2,retrain,1.0937121852579421
95,3,0,2,clip,1.063153583629857
95,3,0,4,retrain,0.6130511763716341
95,3,0,4,clip,0.9852830239288779
95,3,0,8,retrain,0.31113803905095117
95,3,0,8,clip,0.7181294790826108
95,3,0,12,retrain,0.25748624539824966
95,3,0,12,clip,0.6317997314899634
95,3,0,16,retrain,0.5879975206838508
95,3,0,16,clip,0.5879975206838508
95,3,1,2,retrain,0.8980338482837429
95,3,1,2,clip,1.1123774870485725
95,3,1,4,retrain,0.5828523420572573
95,3,1,4,clip,1.0224746768770165
95,3,1,8,retrain,0.33231819963761755
95,3,1,8,clip,0.7273282379185844
95,3,1,12,retrain,0.30435459685585314
95,3,1,12,clip,0.6391266205460346
95,3,1,16,retrain,0.5968294459056782
95,3,1,16,clip,0.5968294459056782
95,3,2,2,retrain,0.9882244976334806
95,3,2,2,clip,1.1241283840193448
95,3,2,4,retrain,0.6022507970159344
95,3,2,4,clip,1.0517608819871784
95,3,2,8,retrain,0.27789811734923975
95,3,2,8,clip,0.7739148137488514
95,3,2,12,retrain,0.26588240700989035
95,3,2,12,clip,0.6862700036758255
95,3,2,16,retrain,0.6370821607037817
95,3,2,16,clip,0.6370821607037817
96,-4,0,2,retrain,0.9564130152881885
96,-4,0,2,clip,1.1242358150002651
96,-4,0,4,retrain,0.6315508253467854
96,-4,0,4,clip,1.072546795010766
96,-4,0,8,retrain,0.30221445373030187
96,-4,0,8,clip,0.6745542592730367
96,-4,0,12,retrain,0.25800513630845967
96,-4,0,12,clip,0.5313113489357066
96,-4,0,16,retrain,0.47209558521342465
96,-4,0,16,clip,0.47209558521342465
96,-4,1,2,retrain,0.9560904917547015
96,-4,1,2,clip,1.1629793155679045
96,-4,1,4,retrain,0.622879675199666
96,-4,1,4,clip,1.129740577278248
96,-4,1,8,retrain,0.2896840720776761
96,-4,1,8,clip,0.6853010180003138
96,-4,1,12,retrain,0.26197671770393505
96,-4,1,12,clip,0.5576868404380736
96,-4,1,16,retrain,0.504401579836362
96,-4,1,16,clip,0.504401579836362
96,-4,2,2,retrain,0.9047046285377394
96,-4,2,2,clip,1.1341369710021099
96,-4,2,4,retrain,0.6439676309517
96,-4,2,4,clip,1.1165245399484818
96,-4,2,8,retrain,0.3011984871916906
96,-4,2,8,clip,0.6892702427593478
96,-4,2,12,retrain,0.27737396887198346
96,-4,2,12,clip,0.5686119439399935
96,-4,2,16,retrain,0.5150652181813856
96,-4,2,16,clip,0.5150652181813856
97,3,0,2,retrain,0.9734241977465707
97,3,0,2,clip,1.1039746086489888
97,3,0,4,retrain,0.5976521138514199
97,3,0,4,clip,1.0510631456264294
97,3,0,8,retrain,0.23608324204663594
97,3,0,8,clip,0.6671022442616594
97,3,0,12,retrain,0.20888991553902053
97,3,0,12,clip,0.5558446108538773
97,3,0,16,retrain,0.5117826441473003
97,3,0,16,clip,0.5117826441473003
97,3,1,2,retrain,0.8952567594334809
97,3,1,2,clip,1.1452599628365647
97,3,1,4,retrain,0.591944531532612
97,3,1,4,clip,1.038786354956997
97,3,1,8,retrain,0.24118652739951893
97,3,1,8,clip,0.639757009212163
97,3,1,12,retrain,0.239279808958762
97,3,1,12,clip,0.5356120961186798
97,3,1,16,retrain,0.49108628237935464
97,3,1,16,clip,0.49108628237935464
97,3,2,2,retrain,0.995409558634177
97,3,2,2,clip,1.1298485170319226
97,3,2,4,retrain,0.5874276759063227
97,3,2,4,clip,1.0672554583790468
97,3,2,8,retrain,0.22933679369551976
97,3,2,8,clip,0.6632489938662449
97,3,2,12,retrain,0.2252386247525183
97,3,2,12,clip,0.5710118815817602
97,3,2,16,retrain,0.5234942535003562
97,3,2,16,clip,0.5234942535003562
98,1,0,2,retrain,1.0633880572171603
98,1,0,2,clip,1.0377552494705111
98,1,0,4,retrain,0.4857101184420182
98,1,0,4,clip,0.930617845951606
98,1,0,8,retrain,0.15986155846092726
98,1,0,8,clip,0.7256161376646576
98,1,0,12,retrain,0.2062243486719276
98,1,0,12,clip,0.6658168948717798
98,1,0,16,retrain,0.6278225935805001
98,1,0,16,clip,0.6278225935805001
98,1,1,2,retrain,0.9668787162392242
98,1,1,2,clip,1.0988254465224006
98,1,1,4,retrain,0.4710393067368179
98,1,1,4,clip,0.9348363784653982
98,1,1,8,retrain,0.17690644448209566
98,1,1,8,clip,0.701810364450553
98,1,1,12,retrain,0.24853807531256442
98,1,1,12,clip,0.6434771745479043
98,1,1,16,retrain,0.6048199014359927
98,1,1,16,clip,0.6048199014359927
98,1,2,2,retrain,0.9386234614250687
98,1,2,2,clip,1.0565069637213078
98,1,2,4,retrain,0.4959394862176793
98,1,2,4,clip,0.9602871058469762
98,1,2,8,retrain,0.1596229692229157
98,1,2,8,clip,0.7376154384542782
98,1,2,12,retrain,0.19880838904008752
98,1,2,12,clip,0.6789494271905832
98,1,2,16,retrain,0.6379859626885328
98,1,2,16,clip,0.6379859626885328
99,0,0,2,retrain,0.920584135454703
99,0,0,2,clip,1.0011273382424932
99,0,0,4,retrain,0.44653003617686565
99,0,0,4,clip,0.9116741242120525
99,0,0,8,retrain,0.23265544099903082
99,0,0,8,clip,0.7668788776888714
99,0,0,12,retrain,0.23292040744646894
99,0,0,12,clip,0.7238964286268463
99,0,0,16,retrain,0.678908237292304
99,0,0,16,clip,0.678908237292304
99,0,1,2,retrain,0.926576665852811
99,0,1,2,clip,1.0312213638357866
99,0,1,4,retrain,0.4199008965654495
99,0,1,4,clip,0.9144980515903738
99,0,1,8,retrain,0.23732368518558059
99,0,1,8,clip,0.755838902400626
99,0,1,12,retrain,0.286943246185998
99,0,1,12,clip,0.7041331267778893
99,0,1,16,retrain,0.6660216846561566
99,0,1,16,clip,0.6660216846561566
99,0,2,2,retrain,0.8819474777466717
99,0,2,2,clip,0.9638736434244491
99,0,2,4,retrain,0.459523330678589
99,0,2,4,clip,0.8235827986153152
99,0,2,8,retrain,0.24018054064358188
99,0,2,8,clip,0.6505680443374834
99,0,2,12,retrain,0.1934462330544386
99,0,2,12,clip,0.6068895523353703
99,0,2,16,retrain,0.5717652781757969
99,0,2,16,clip,0.5717652781757969
100,3,0,2,retrain,1.012482757698459
100,3,0,2,clip,1.047048098068296
100,3,0,4,retrain,0.547521850492863
100,3,0,4,clip,1.0053312563093952
100,3,0,8,retrain,0.25704530051884383
100,3,0,8,clip,0.7124415962441304
100,3,0,12,retrain,0.2240784527331071
100,3,0,12,clip,0.6209264391754168
100,3,0,16,retrain,0.5781077666839074
100,3,0,16,clip,0.5781077666839074
100,3,1,2,retrain,1.0365474245285748
100,3,1,2,clip,1.0891724436056769
100,3,1,4,retrain,0.5758011503041746
100,3,1,4,clip,1.0144453038062133
100,3,1,8,retrain,0.2712625706620707
100,3,1,8,clip,0.7190709338176124
100,3,1,12,retrain,0.2883633634642397
100,3,1,12,clip,0.6387661193881755
100,3,1,16,retrain,0.5930173525736547
100,3,1,16,clip,0.5930173525736547
100,3,2,2,retrain,1.0351716225504966
100,3,2,2,clip,1.1024951840293598
100,3,2,4,retrain,0.5664014697411429
100,3,2,4,clip,1.051060859709012
100,3,2,8,retrain,0.2690701840155704
100,3,2,8,clip,0.7443735312183443
100,3,2,12,retrain,0.2559621790797887
100,3,2,12,clip,0.6690595799555284
100,3,2,16,retrain,0.6228636126324322
100,3,2,16,clip,0.6228636126324322
101,3,0,2,retrain,0.9614123434374576
101,3,0,2,clip,1.0916030659040445
101,3,0,4,retrain,0.5663440367633186
101,3,0,4,clip,1.0339232418086857
101,3,0,8,retrain,0.2691260242123224
101,3,0,8,clip,0.6874802203959992
101,3,0,12,retrain,0.2278844111691833
101,3,0,12,clip,0.5838267572538846
101,3,0,16,retrain,0.535289284324458
101,3,0,16,clip,0.535289284324458
101,3,1,2,retrain,0.9369046096596761
101,3,1,2,clip,1.128071372190352
101,3,1,4,retrain,0.5956085373181835
101,3,1,4,clip,1.0352182332952926
101,3,1,8,retrain,0.26451426751405305
101,3,1,8,clip,0.6911122018963355
101,3,1,12,retrain,0.2593314541006689
101,3,1,12,clip,0.5908184469809169
101,3,1,16,retrain,0.5451672721207582
101,3,1,16,clip,0.5451672721207582
101,3,2,2,retrain,1.040793218980784
101,3,2,2,clip,1.1420874290700758
101,3,2,4,retrain,0.5706113347832747
101,3,2,4,clip,1.0724968739309648
101,3,2,8,retrain,0.2428546454626505
101,3,2,8,clip,0.6716016575858221
101,3,2,12,retrain,0.222193629475064
101,3,2,12,clip,0.5761191450582829
101,3,2,16,retrain,0.5267653444394916
101,3,2,16,clip,0.5267653444394916
102,3,0,2,retrain,1.0128012058903155
102,3,0,2,clip,1.0642363717902075
102,3,0,4,retrain,0.5572577259359215
102,3,0,4,clip,0.9938346844476239
102,3,0,8,retrain,0.3093359331897596
102,3,0,8,clip,0.6721521980393953
102,3,0,12,retrain,0.23998757003169033
102,3,0,12,clip,0.5611462338818135
102,3,0,16,retrain,0.5111941839806858
102,3,0,16,clip,0.5111941839806858
102,3,1,2,retrain,0.9710565255409833
102,3,1,2,clip,1.1056455606951046
102,3,1,4,retrain,0.571824172497771
102,3,1,4,clip,1.026144751406379
102,3,1,8,retrain,0.25604033937909576
102,3,1,8,clip,0.7059712317561042
102,3,1,12,retrain,0.27916665851865297
102,3,1,12,clip,0.5947181780049545
102,3,1,16,retrain,0.5426658565549276
102,3,1,16,clip,0.5426658565549276
102,3,2,2,retrain,0.947882442630851
102,3,2,2,clip,1.0873997455575917
102,3,2,4,retrain,0.5605586852693643
102,3,2,4,clip,1.036303229077091
102,3,2,8,retrain,0.26567796159809304
102,3,2,8,clip,0.7155446574831654
102,3,2,12,retrain,0.24736360117178446
102,3,2,12,clip,0.6097427133885315
102,3,2,16,retrain,0.5583657014322361
102,3,2,16,clip,0.5583657014322361
103,4,0,2,retrain,1.0493612287921308
103,4,0,2,clip,1.1278136990680503
103,4,0,4,retrain,0.7388736410313027
103,4,0,4,clip,1.1389074745847099
103,4,0,8,retrain,0.3645952945294572
103,4,0,8,clip,0.7014788056131067
103,4,0,12,retrain,0.3081235119671256
103,4,0,12,clip,0.5181163297279269
103,4,0,16,retrain,0.4358191407937417
103,4,0,16,clip,0.4358191407937417
103,4,1,2,retrain,1.043892653736751
103,4,1,2,clip,1.1791299342087662
103,4,1,4,retrain,0.7001073511598771
103,4,1,4,clip,1.149775014345686
103,4,1,8,retrain,0.34655850452747566
103,4,1,8,clip,0.6516457700690169
103,4,1,12,retrain,0.2799767486797143
103,4,1,12,clip,0.48586769083445913
103,4,1,16,retrain,0.41090892475460217
103,4,1,16,clip,0.41090892475460217
103,4,2,2,retrain,1.0986586501680418
103,4,2,2,clip,1.1829222988515093
103,4,2,4,retrain,0.7084178468306719
103,4,2,4,clip,1.159394223974467
103,4,2,8,retrain,0.3300028804226363
103,4,2,8,clip,0.6429850215018237
103,4,2,12,retrain,0.31807607675153116
103,4,2,12,clip,0.48375745303570783
103,4,2,16,retrain,0.40254725068573083
103,4,2,16,clip,0.40254725068573083
104,1,0,2,retrain,1.0487516393826748
104,1,0,2,clip,1.0570819434169842
104,1,0,4,retrain,0.5324542799941759
104,1,0,4,clip,0.9718922240862233
104,1,0,8,retrain,0.2150895567596404
104,1,0,8,clip,0.6990161200705031
104,1,0,12,retrain,0.2181514328888539
104,1,0,12,clip,0.6319409492509102
104,1,0,16,retrain,0.589945902717333
104,1,0,16,clip,0.589945902717333
104,1,1,2,retrain,1.0018975925004574
104,1,1,2,clip,1.0891883699114595
104,1,1,4,retrain,0.5313699134491879
104,1,1,4,clip,0.986242639279413
104,1,1,8,retrain,0.2686122051608484
104,1,1,8,clip,0.7238702764372708
104,1,1,12,retrain,0.2941701074826679
104,1,1,12,clip,0.6537290380568278
104,1,1,16,retrain,0.610723467522041
104,1,1,16,clip,0.610723467522041
104,1,2,2,retrain,1.0809077946437686
104,1,2,2,clip,1.122365138504973
104,1,2,4,retrain,0.5521413710237362
104,1,2,4,clip,1.020704337178382
104,1,2,8,retrain,0.22090476729756212
104,1,2,8,clip,0.7701230115180866
104,1,2,12,retrain,0.2515185448531388
104,1,2,12,clip,0.7085782125821732
104,1,2,16,retrain,0.6626122682133477
104,1,2,16,clip,0.6626122682133477
105,4,0,2,retrain,1.0240184216884358
105,4,0,2,clip,1.0929595460051194
105,4,0,4,retrain,0.6187441703195167
105,4,0,4,clip,1.064258915622092
105,4,0,8,retrain,0.3267568567146971
105,4,0,8,clip,0.6919564481814933
105,4,0,12,retrain,0.2695917539589734
105,4,0,12,clip,0.5538008858347682
105,4,0,16,retrain,0.49102305931996926
105,4,0,16,clip,0.49102305931996926
105,4,1,2,retrain,0.9617786338100469
105,4,1,2,clip,1.1282995201087345
105,4,1,4,retrain,0.6119215484013741
105,4,1,4,clip,1.0846875248578849
105,4,1,8,retrain,0.3065599131376828
105,4,1,8,clip,0.7230761805237481
105,4,1,12,retrain,0.3176160228931776
105,4,1,12,clip,0.6098740048211843
105,4,1,16,retrain,0.5471427578721456
105,4,1,16,clip,0.5471427578721456
105,4,2,2,retrain,1.0128898277449805
105,4,2,2,clip,1.10970125791862
105,4,2,4,retrain,0.6116452142304274
105,4,2,4,clip,1.054232898251747
105,4,2,8,retrain,0.3122336093841852
105,4,2,8,clip,0.6639603375758021
105,4,2,12,retrain,0.26918717230280226
105,4,2,12,clip,0.5360752818741517
105,4,2,16,retrain,0.4647292815642031
105,4,2,16,clip,0.4647292815642031
106,4,0,2,retrain,1.0384744952159704
106,4,0,2,clip,1.0863518331141948
106,4,0,4,retrain,0.6384753477977931
106,4,0,4,clip,1.0367433799922106
106,4,0,8,retrain,0.37850342132240783
106,4,0,8,clip,0.7070599566611545
106,4,0,12,retrain,0.3056632845269045
106,4,0,12,clip,0.5827828110880765
106,4,0,16,retrain,0.5217080028767076
106,4,0,16,clip,0.5217080028767076
106,4,1,2,retrain,0.888572310001654
106,4,1,2,clip,1.133551902735911
106,4,1,4,retrain,0.6484553570665913
106,4,1,4,clip,1.0612982552593684
106,4,1,8,retrain,0.3589733557935836
106,4,1,8,clip,0.7088393020777828
106,4,1,12,retrain,0.31692417871329953
106,4,1,12,clip,0.5801497942520062
106,4,1,16,retrain,0.5172167679612577
106,4,1,16,clip,0.5172167679612577
106,4,2,2,retrain,0.9992929371478058
106,4,2,2,clip,1.1019709899316867
106,4,2,4,retrain,0.607270868473
106,4,2,4,clip,1.0391085442698549
106,4,2,8,retrain,0.36931897783774076
106,4,2,8,clip,0.677282009555669
106,4,2,12,retrain,0.30318422770840897
106,4,2,12,clip,0.5477997703064663
106,4,2,16,retrain,0.48155916973970286
106,4,2,16,clip,0.48155916973970286
107,3,0,2,retrain,1.0419980749176303
107,3,0,2,clip,1.0620977652251895
107,3,0,4,retrain,0.5541750506502124
107,3,0,4,clip,0.989436443454304
107,3,0,8,retrain,0.31062053577025284
107,3,0,8,clip,0.6938426901169783
107,3,0,12,retrain,0.24092539073237265
107,3,0,12,clip,0.5983231341109135
107,3,0,16,retrain,0.556205902279486
107,3,0,16,clip,0.556205902279486
107,3,1,2,retrain,1.000414001418644
107,3,1,2,clip,1.1198815225057581
107,3,1,4,retrain,0.5650807020305134
107,3,1,4,clip,1.061586265382978
107,3,1,8,retrain,0.2704493618596644
107,3,1,8,clip,0.7146080240718311
107,3,1,12,retrain,0.27342996070572273
107,3,1,12,clip,0.6280819931284599
107,3,1,16,retrain,0.5834767442975668
107,3,1,16,clip,0.5834767442975668
107,3,2,2,retrain,1.1332112697987486
107,3,2,2,clip,1.1258131230641737
107,3,2,4,retrain,0.5643968277193794
107,3,2,4,clip,1.0758739189388573
107,3,2,8,retrain,0.2611222100647348
107,3,2,8,clip,0.7184714219705332
107,3,2,12,retrain,0.23025379211470196
107,3,2,12,clip,0.6326257757131653
107,3,2,16,retrain,0.586499316736283
107,3,2,16,clip,0.586499316736283
108,-1,0,2,retrain,1.0062700404782816
108,-1,0,2,clip,1.023561794635039
108,-1,0,4,retrain,0.4756790034467582
108,-1,0,4,clip,0.9336092536916656
108,-1,0,8,retrain,0.21156516644351084
108,-1,0,8,clip,0.7784932768801651
108,-1,0,12,retrain,0.30805941183104535
108,-1,0,12,clip,0.7244313206603759
108,-1,0,16,retrain,0.6841554922390225
108,-1,0,16,clip,0.6841554922390225
108,-1,1,2,retrain,1.0737064313295355
108,-1,1,2,clip,1.0101736036660893
108,-1,1,4,retrain,0.44873774700757085
108,-1,1,4,clip,0.9231127898705712
108,-1,1,8,retrain,0.2349088320726407
108,-1,1,8,clip,0.7528016756841697
108,-1,1,12,retrain,0.2884371579547944
108,-1,1,12,clip,0.6954450182711169
108,-1,1,16,retrain,0.6526383623653291
108,-1,1,16,clip,0.6526383623653291
108,-1,2,2,retrain,0.9348172161350148
108,-1,2,2,clip,1.0056229407928345
108,-1,2,4,retrain,0.4470977323519028
108,-1,2,4,clip,0.9472035432468917
108,-1,2,8,retrain,0.21449652945583353
108,-1,2,8,clip,0.7825950246105976
108,-1,2,12,retrain,0.2999232889414336
108,-1,2,12,clip,0.7247579265477225
108,-1,2,16,retrain,0.6814556388161245
108,-1,2,16,clip,0.6814556388161245
109,-1,0,2,retrain,1.2089915512313338
109,-1,0,2,clip,1.0103618799501928
109,-1,0,4,retrain,0.5107898575514381
109,-1,0,4,clip,0.9175502936837375
109,-1,0,8,retrain,0.20888762168566496
109,-1,0,8,clip,0.732541331030393
109,-1,0,12,retrain,0.25045527814573587
109,-1,0,12,clip,0.678020525957638
109,-1,0,16,retrain,0.6379702796867832
109,-1,0,16,clip,0.6379702796867832
109,-1,1,2,retrain,1.1279402739145954
109,-1,1,2,clip,1.0763638897351326
109,-1,1,4,retrain,0.41922803741967196
109,-1,1,4,clip,0.9711266807634442
109,-1,1,8,retrain,0.20060858924371675
109,-1,1,8,clip,0.791829431576797
109,-1,1,12,retrain,0.32312957798964653
109,-1,1,12,clip,0.7342334518741614
109,-1,1,16,retrain,0.6908316059322899
109,-1,1,16,clip,0.6908316059322899
109,-1,2,2,retrain,1.1172007806547986
109,-1,2,2,clip,1.0729069161336218
109,-1,2,4,retrain,0.44543540659116815
109,-1,2,4,clip,0.9706951191571578
109,-1,2,8,retrain,0.1785159758043173
109,-1,2,8,clip,0.796003094399369
109,-1,2,12,retrain,0.29404444878690333
109,-1,2,12,clip,0.7475771984009777
109,-1,2,16,retrain,0.7041390428898012
109,-1,2,16,clip,0.7041390428898012
110,1,0,2,retrain,1.0789193915928763
110,1,0,2,clip,1.0354597301629316
110,1,0,4,retrain,0.45759087594787456
110,1,0,4,clip,0.9294647347131484
110,1,0,8,retrain,0.22082076555821412
110,1,0,8,clip,0.7528687691346718
110,1,0,12,retrain,0.215502394344141
110,1,0,12,clip,0.7035887822959755
110,1,0,16,retrain,0.6681697627457533
110,1,0,16,clip,0.6681697627457533
110,1,1,2,retrain,1.0605488300511385
110,1,1,2,clip,1.0554667085874319
110,1,1,4,retrain,0.5013104364201265
110,1,1,4,clip,0.9308272535618969
110,1,1,8,retrain,0.2530354719482904
110,1,1,8,clip,0.7650723872364183
110,1,1,12,retrain,0.2925987134210586
110,1,1,12,clip,0.719903299028717
110,1,1,16,retrain,0.6824120713712503
110,1,1,16,clip,0.6824120713712503
110,1,2,2,retrain,1.1332761411816648
110,1,2,2,clip,1.0960949184176532
110,1,2,4,retrain,0.4489801094843789
110,1,2,4,clip,0.9838555825132345
110,1,2,8,retrain,0.21069566306377305
110,1,2,8,clip,0.8154371810597614
110,1,2,12,retrain,0.243154470655888
110,1,2,12,clip,0.76730296771403
110,1,2,16,retrain,0.729043625393166
110,1,2,16,clip,0.729043625393166
111,3,0,2,retrain,0.996221797388335
111,3,0,2,clip,1.0560035812325141
111,3,0,4,retrain,0.5810752175736886
111,3,0,4,clip,0.9975096119581547
111,3,0,8,retrain,0.24098591257977525
111,3,0,8,clip,0.6523006821889037
111,3,0,12,retrain,0.19338013911389207
111,3,0,12,clip,0.5725621245273926
111,3,0,16,retrain,0.5370673740513296
111,3,0,16,clip,0.5370673740513296
111,3,1,2,retrain,0.9138052526433015
111,3,1,2,clip,1.0971759514244457
111,3,1,4,retrain,0.5856812495741766
111,3,1,4,clip,0.9984702528810373
111,3,1,8,retrain,0.23832204300688334
111,3,1,8,clip,0.6666468729272668
111,3,1,12,retrain,0.2545620279511851
111,3,1,12,clip,0.5713566530296346
111,3,1,16,retrain,0.5364018775028704
111,3,1,16,clip,0.5364018775028704
111,3,2,2,retrain,1.0021107261539308
111,3,2,2,clip,1.0923026064386405
111,3,2,4,retrain,0.5735081457271817
111,3,2,4,clip,1.003736675995584
111,3,2,8,retrain,0.23584302771990387
111,3,2,8,clip,0.6616494828118288
111,3,2,12,retrain,0.21578784767773274
111,3,2,12,clip,0.5812738450351169
111,3,2,16,retrain,0.5416057113781406
111,3,2,16,clip,0.5416057113781406
112,-4,0,2,retrain,1.071085171630379
112,-4,0,2,clip,1.1208589467931485
112,-4,0,4,retrain,0.6065937582684293
112,-4,0,4,clip,1.0656085633185248
112,-4,0,8,retrain,0.3530831332840111
112,-4,0,8,clip,0.7846430664408314
112,-4,0,12,retrain,0.31282573282895254
112,-4,0,12,clip,0.6548081134799923
112,-4,0,16,retrain,0.5870841575886957
112,-4,0,16,clip,0.5870841575886957
112,-4,1,2,retrain,0.9718256347724384
112,-4,1,2,clip,1.1515469555770388
112,-4,1,4,retrain,0.6163845548566915
112,-4,1,4,clip,1.08898117563405
112,-4,1,8,retrain,0.37609516317049546
112,-4,1,8,clip,0.7630231836838133
112,-4,1,12,retrain,0.328281561544249
112,-4,1,12,clip,0.6557239084614891
112,-4,1,16,retrain,0.5856557057295214
112,-4,1,16,clip,0.5856557057295214
112,-4,2,2,retrain,1.093973635689792
112,-4,2,2,clip,1.1298431330212593
112,-4,2,4,retrain,0.6707771116066831
112,-4,2,4,clip,1.0768168255383403
112,-4,2,8,retrain,0.33782689396379256
112,-4,2,8,clip,0.746399964346983
112,-4,2,12,retrain,0.30326143654567156
112,-4,2,12,clip,0.6208313933755486
112,-4,2,16,retrain,0.5476298790371971
112,-4,2,16,clip,0.5476298790371971
113,4,0,2,retrain,1.0190313102577426
113,4,0,2,clip,1.0938251747537333
113,4,0,4,retrain,0.5861749431068307
113,4,0,4,clip,1.0239778716136188
113,4,0,8,retrain,0.37048621991867037
113,4,0,8,clip,0.6841874093802297
113,4,0,12,retrain,0.27716684077728254
113,4,0,12,clip,0.5688536866012096
113,4,0,16,retrain,0.5132742834296246
113,4,0,16,clip,0.5132742834296246
113,4,1,2,retrain,0.9702285172118174
113,4,1,2,clip,1.1266750125589315
113,4,1,4,retrain,0.6116830437449485
113,4,1,4,clip,1.0815743341828028
113,4,1,8,retrain,0.32288527046752374
113,4,1,8,clip,0.7446952519603957
113,4,1,12,retrain,0.33302517678026056
113,4,1,12,clip,0.6495289282112529
113,4,1,16,retrain,0.5866054542050804
113,4,1,16,clip,0.5866054542050804
113,4,2,2,retrain,1.0712630929796871
113,4,2,2,clip,1.1227389283788751
113,4,2,4,retrain,0.6129645910170272
113,4,2,4,clip,1.0697885311776838
113,4,2,8,retrain,0.3330692398505394
113,4,2,8,clip,0.7035961664988338
113,4,2,12,retrain,0.26166398536138774
113,4,2,12,clip,0.6057684829148449
113,4,2,16,retrain,0.5526475451146063
113,4,2,16,clip,0.5526475451146063
114,2,0,2,retrain,1.0749819403680934
114,2,0,2,clip,0.9812094727234822
114,2,0,4,retrain,0.46757013330163033
114,2,0,4,clip,0.8880346682309329
114,2,0,8,retrain,0.21438833878094002
114,2,0,8,clip,0.6634175887657797
114,2,0,12,retrain,0.18756997374823062
114,2,0,12,clip,0.597865662964461
114,2,0,16,retrain,0.5580703203471304
114,2,0,16,clip,0.5580703203471304
114,2,1,2,retrain,0.9725931310137667
114,2,1,2,clip,1.0562207507683412
114,2,1,4,retrain,0.4934126606435894
114,2,1,4,clip,0.9831456704917975
114,2,1,8,retrain,0.22207351496416805
114,2,1,8,clip,0.7637590280234277
114,2,1,12,retrain,0.3129681317844106
114,2,1,12,clip,0.698426357133756
114,2,1,16,retrain,0.6548808138912801
114,2,1,16,clip,0.6548808138912801
114,2,2,2,retrain,0.9588388987547121
114,2,2,2,clip,1.0126982363201118
114,2,2,4,retrain,0.4775583004371742
114,2,2,4,clip,0.9189065217403878
114,2,2,8,retrain,0.2088621211560674
114,2,2,8,clip,0.6871691984118155
114,2,2,12,retrain,0.18678008537811425
114,2,2,12,clip,0.6295210282606791
114,2,2,16,retrain,0.5879296134587597
114,2,2,16,clip,0.5879296134587597
115,0,0,2,retrain,0.8349523182939068
115,0,0,2,clip,0.9907970561233088
115,0,0,4,retrain,0.41112459580875294
115,0,0,4,clip,0.8878783807686815
115,0,0,8,retrain,0.1629530391316048
115,0,0,8,clip,0.783500619749368
115,0,0,12,retrain,0.23730653518325603
115,0,0,12,clip,0.7434677427318375
115,0,0,16,retrain,0.7055989948267144
115,0,0,16,clip,0.7055989948267144
115,0,1,2,retrain,1.079286300807855
115,0,1,2,clip,1.0093884283515804
115,0,1,4,retrain,0.42072426352206416
115,0,1,4,clip,0.9113126024981809
115,0,1,8,retrain,0.1317358386647976
115,0,1,8,clip,0.8050130630882606
115,0,1,12,retrain,0.2895426898504623
115,0,1,12,clip,0.7638052164069165
115,0,1,16,retrain,0.7218094473465881
115,0,1,16,clip,0.7218094473465881
115,0,2,2,retrain,0.9089787255375286
115,0,2,2,clip,0.9511410826307982
115,0,2,4,retrain,0.4018792670689987
115,0,2,4,clip,0.844248996639483
115,0,2,8,retrain,0.17075103331017824
115,0,2,8,clip,0.7389880968386616
115,0,2,12,retrain,0.16359650404052117
115,0,2,12,clip,0.7027711384151949
115,0,2,16,retrain,0.6630921151266276
115,0,2,16,clip,0.6630921151266276
116,3,0,2,retrain,0.9962538613999521
116,3,0,2,clip,1.1145172216242327
116,3,0,4,retrain,0.62955357837472
116,3,0,4,clip,1.0463831579807896
116,3,0,8,retrain,0.2708766430685332
116,3,0,8,clip,0.6427287735507244
116,3,0,12,retrain,0.19176909289423927
116,3,0,12,clip,0.5151719668759769
116,3,0,16,retrain,0.4628833171612029
116,3,0,16,clip,0.4628833171612029
116,3,1,2,retrain,0.8965337336004724
116,3,1,2,clip,1.1724263984398913
116,3,1,4,retrain,0.5950858432643178
116,3,1,4,clip,1.0844136237364468
116,3,1,8,retrain,0.25438309434836065
116,3,1,8,clip,0.6537603009010494
116,3,1,12,retrain,0.2418095562551009
116,3,1,12,clip,0.5351133517017884
116,3,1,16,retrain,0.48382369016668547
116,3,1,16,clip,0.48382369016668547
116,3,2,2,retrain,0.9575336207794645
116,3,2,2,clip,1.162875027283764
116,3,2,4,retrain,0.6045490119006671
116,3,2,4,clip,1.093195966541457
116,3,2,8,retrain,0.22827520692454328
116,3,2,8,clip,0.6536708459590306
116,3,2,12,retrain,0.23896758320617356
116,3,2,12,clip,0.543246297527129
116,3,2,16,retrain,0.48959824775233757
116,3,2,16,clip,0.48959824775233757
117,0,0,2,retrain,0.9195443365533412
117,0,0,2,clip,1.1424257063104448
117,0,0,4,retrain,0.5145785297173678
117,0,0,4,clip,0.9608945109673808
117,0,0,8,retrain,0.25219553756429514
117,0,0,8,clip,0.7109257709530998
117,0,0,12,retrain,0.220940921292172
117,0,0,12,clip,0.6411140255595482
117,0,0,16,retrain,0.5988845077104027
117,0,0,16,clip,0.5988845077104027
117,0,1,2,retrain,0.8321892096041341
117,0,1,2,clip,1.176591385845932
117,0,1,4,retrain,0.4468053256871096
117,0,1,4,clip,0.9684316012393206
117,0,1,8,retrain,0.22699558403447462
117,0,1,8,clip,0.7133916201815371
117,0,1,12,retrain,0.27555910433421965
117,0,1,12,clip,0.6462343618356914
117,0,1,16,retrain,0.6034295836583944
117,0,1,16,clip,0.6034295836583944
117,0,2,2,retrain,0.919036047425572
117,0,2,2,clip,1.1034576049748042
117,0,2,4,retrain,0.5185056144182641
117,0,2,4,clip,0.9258780703505453
117,0,2,8,retrain,0.2059617203042523
117,0,2,8,clip,0.6531708111757006
117,0,2,12,retrain,0.20489272266735786
117,0,2,12,clip,0.5822718634275598
117,0,2,16,retrain,0.5407512063400897
117,0,2,16,clip,0.5407512063400897
118,0,0,2,retrain,0.9106898468028083
118,0,0,2,clip,1.0461652898246006
118,0,0,4,retrain,0.4287002882032827
118,0,0,4,clip,0.935737637443796
118,0,0,8,retrain,0.15597149304762917
118,0,0,8,clip,0.775173252364502
118,0,0,12,retrain,0.21576404587845463
118,0,0,12,clip,0.7291176511656879
118,0,0,16,retrain,0.691348678597223
118,0,0,16,clip,0.691348678597223
118,0,1,2,retrain,0.9823443653465589
118,0,1,2,clip,1.0864567492698498
118,0,1,4,retrain,0.43060345810462836
118,0,1,4,clip,0.9431233338443981
118,0,1,8,retrain,0.13810016435994404
118,0,1,8,clip,0.7834506179469903
118,0,1,12,retrain,0.2735279162194354
118,0,1,12,clip,0.7388950153143891
118,0,1,16,retrain,0.6977361108025057
118,0,1,16,clip,0.6977361108025057
118,0,2,2,retrain,0.9325566244591226
118,0,2,2,clip,1.0397556601113795
118,0,2,4,retrain,0.43608144658736236
118,0,2,4,clip,0.9056795137972857
118,0,2,8,retrain,0.16698084723741055
118,0,2,8,clip,0.7552496117463737
118,0,2,12,retrain,0.18206838126958474
118,0,2,12,clip,0.7113507044455133
118,0,2,16,retrain,0.6708123090021944
118,0,2,16,clip,0.6708123090021944
119,-3,0,2,retrain,1.0449331245128866
119,-3,0,2,clip,1.041453800087109
119,-3,0,4,retrain,0.5255649432576385
119,-3,0,4,clip,0.9602066635403699
119,-3,0,8,retrain,0.24561292504226961
119,-3,0,8,clip,0.6734789965277552
119,-3,0,12,retrain,0.1994716812650756
119,-3,0,12,clip,0.5880191809917866
119,-3,0,16,retrain,0.5470299100040226
119,-3,0,16,clip,0.5470299100040226
119,-3,1,2,retrain,0.9815411426465328
119,-3,1,2,clip,1.0995585896340452
119,-3,1,4,retrain,0.4910432432680912
119,-3,1,4,clip,1.0172174246828205
119,-3,1,8,retrain,0.23633292619123186
119,-3,1,8,clip,0.7370858951870851
119,-3,1,12,retrain,0.3205797414528625
119,-3,1,12,clip,0.6677283040628539
119,-3,1,16,retrain,0.6248150229529124
119,-3,1,16,clip,0.6248150229529124
119,-3,2,2,retrain,0.9585808771281328
119,-3,2,2,clip,1.0588035157859803
119,-3,2,4,retrain,0.46702643529248045
119,-3,2,4,clip,0.989054282109864
119,-3,2,8,retrain,0.19169714782311587
119,-3,2,8,clip,0.6882281280874859
119,-3,2,12,retrain,0.19577897166034028
119,-3,2,12,clip,0.6168685941212171
119,-3,2,16,retrain,0.5733961371139392
119,-3,2,16,clip,0.5733961371139392
120,1,0,2,retrain,1.2460979613787013
120,1,0,2,clip,0.9886020009962614
120,1,0,4,retrain,0.588981364166949
120,1,0,4,clip,0.8881027085484907
120,1,0,8,retrain,0.24297949875208819
120,1,0,8,clip,0.7014420046925667
120,1,0,12,retrain,0.24411300605503136
120,1,0,12,clip,0.6440571319679793
120,1,0,16,retrain,0.6081057911214687
120,1,0,16,clip,0.6081057911214687
120,1,1,2,retrain,1.0077485999474785
120,1,1,2,clip,1.0380278433197883
120,1,1,4,retrain,0.554832368426245
120,1,1,4,clip,0.9150253781560224
120,1,1,8,retrain,0.32921427062066116
120,1,1,8,clip,0.7164395426585524
120,1,1,12,retrain,0.3389896510357605
120,1,1,12,clip,0.6629428845627694
120,1,1,16,retrain,0.6263994450731248
120,1,1,16,clip,0.6263994450731248
120,1,2,2,retrain,1.0750053724483448
120,1,2,2,clip,1.0637285838995332
120,1,2,4,retrain,0.52991159934067
120,1,2,4,clip,0.9489938924179248
120,1,2,8,retrain,0.26254634906492885
120,1,2,8,clip,0.7573672839986217
120,1,2,12,retrain,0.2769562965026458
120,1,2,12,clip,0.6980375483472407
120,1,2,16,retrain,0.6579930495925956
120,1,2,16,clip,0.6579930495925956
121,-1,0,2,retrain,1.0791354153159245
121,-1,0,2,clip,1.0521527491382308
121,-1,0,4,retrain,0.5638224785544449
121,-1,0,4,clip,0.8782366985173403
121,-1,0,8,retrain,0.21616579275046857
121,-1,0,8,clip,0.706728583160295
121,-1,0,12,retrain,0.23225560342392787
121,-1,0,12,clip,0.6537753301455604
121,-1,0,16,retrain,0.6118953861230759
121,-1,0,16,clip,0.6118953861230759
121,-1,1,2,retrain,1.0138101176216028
121,-1,1,2,clip,1.0903608478725588
121,-1,1,4,retrain,0.5109934021168179
121,-1,1,4,clip,0.9274322838233543
121,-1,1,8,retrain,0.27091218125998406
121,-1,1,8,clip,0.7593945558387648
121,-1,1,12,retrain,0.3400976946132692
121,-1,1,12,clip,0.7028320182622515
121,-1,1,16,retrain,0.6602882327370888
121,-1,1,16,clip,0.6602882327370888
121,-1,2,2,retrain,1.050045493890546
121,-1,2,2,clip,1.1030070944961428
121,-1,2,4,retrain,0.5350410660849334
121,-1,2,4,clip,0.9537226457651893
121,-1,2,8,retrain,0.2294616932520166
121,-1,2,8,clip,0.7746075590958741
121,-1,2,12,retrain,0.2635583910378517
121,-1,2,12,clip,0.7153767853734482
121,-1,2,16,retrain,0.6734518081500889
121,-1,2,16,clip,0.6734518081500889
122,1,0,2,retrain,1.0052513379726278
122,1,0,2,clip,1.0698244278094555
122,1,0,4,retrain,0.523672152337519
122,1,0,4,clip,1.0016493319054192
122,1,0,8,retrain,0.3152446223220081
122,1,0,8,clip,0.7023433220509986
122,1,0,12,retrain,0.306193564541526
122,1,0,12,clip,0.6415978622813465
122,1,0,16,retrain,0.596866678706974
122,1,0,16,clip,0.596866678706974
122,1,1,2,retrain,0.9317286500468851
122,1,1,2,clip,1.1014683512075971
122,1,1,4,retrain,0.5540491982748478
122,1,1,4,clip,1.02594054888426
122,1,1,8,retrain,0.30681040952655675
122,1,1,8,clip,0.732999357834751
122,1,1,12,retrain,0.2808550760550141
122,1,1,12,clip,0.6379695627747725
122,1,1,16,retrain,0.5944926728770203
122,1,1,16,clip,0.5944926728770203
122,1,2,2,retrain,0.8913192275499096
122,1,2,2,clip,1.0534962098491336
122,1,2,4,retrain,0.5344587933629911
122,1,2,4,clip,0.980949667321702
122,1,2,8,retrain,0.29138053176480017
122,1,2,8,clip,0.675405399920924
122,1,2,12,retrain,0.28572761246689937
122,1,2,12,clip,0.6081190671942736
122,1,2,16,retrain,0.5641739399156834
122,1,2,16,clip,0.5641739399156834
123,3,0,2,retrain,1.0201605720330782
123,3,0,2,clip,1.068637007079188
123,3,0,4,retrain,0.5694034023065503
123,3,0,4,clip,1.008050015580029
123,3,0,8,retrain,0.2300285349633143
123,3,0,8,clip,0.7086572233502546
123,3,0,12,retrain,0.20809003763897016
123,3,0,12,clip,0.6218134386125145
123,3,0,16,retrain,0.5846551480799578
123,3,0,16,clip,0.5846551480799578
123,3,1,2,retrain,0.9866781577210761
123,3,1,2,clip,1.1140659293368158
123,3,1,4,retrain,0.5565545653616327
123,3,1,4,clip,1.007295903586494
123,3,1,8,retrain,0.20321325345082347
123,3,1,8,clip,0.6976335469041364
123,3,1,12,retrain,0.260432556771159
123,3,1,12,clip,0.6299327505796586
123,3,1,16,retrain,0.5906948983726963
123,3,1,16,clip,0.5906948983726963
123,3,2,2,retrain,0.9711253018944243
123,3,2,2,clip,1.0952312816184162
123,3,2,4,retrain,0.5796675984032444
123,3,2,4,clip,1.0263676281414462
123,3,2,8,retrain,0.22660493481202015
123,3,2,8,clip,0.7152953880308835
123,3,2,12,retrain,0.2166202784004996
123,3,2,12,clip,0.6401704535855098
123,3,2,16,retrain,0.5997979578236275
123,3,2,16,clip,0.5997979578236275
124,4,0,2,retrain,0.9934906474112909
124,4,0,2,clip,1.1258702486887777
124,4,0,4,retrain,0.6548371229406912
124,4,0,4,clip,1.1119203040291765
124,4,0,8,retrain,0.32921151196921805
124,4,0,8,clip,0.6821952448956158
124,4,0,12,retrain,0.2691240216087487
124,4,0,12,clip,0.529766512778702
124,4,0,16,retrain,0.46204813973262815
124,4,0,16,clip,0.46204813973262815
124,4,1,2,retrain,0.925604977760209
124,4,1,2,clip,1.1750176960208976
124,4,1,4,retrain,0.605694288910717
124,4,1,4,clip,1.1518950411517141
124,4,1,8,retrain,0.28618384644991857
124,4,1,8,clip,0.6533357985563601
124,4,1,12,retrain,0.2698874074928147
124,4,1,12,clip,0.5212696269119313
124,4,1,16,retrain,0.44792947366970615
124,4,1,16,clip,0.44792947366970615
124,4,2,2,retrain,1.0151663344225916
124,4,2,2,clip,1.1829320147138267
124,4,2,4,retrain,0.6430939733380414
124,4,2,4,clip,1.1668618718469892
124,4,2,8,retrain,0.32428442678360214
124,4,2,8,clip,0.6876363548345842
124,4,2,12,retrain,0.3053802300756493
124,4,2,12,clip,0.5484691283558911
124,4,2,16,retrain,0.4712493667721546
124,4,2,16,clip,0.4712493667721546
125,-1,0,2,retrain,1.069191145924057
125,-1,0,2,clip,1.0628869468144782
125,-1,0,4,retrain,0.4937125398649131
125,-1,0,4,clip,0.9504092520112489
125,-1,0,8,retrain,0.21031404060321213
125,-1,0,8,clip,0.8287015232282902
125,-1,0,12,retrain,0.2554682671808721
125,-1,0,12,clip,0.7806032790673543
125,-1,0,16,retrain,0.7383600789141587
125,-1,0,16,clip,0.7383600789141587
125,-1,1,2,retrain,0.9121723307063698
125,-1,1,2,clip,1.0788239249315332
125,-1,1,4,retrain,0.5043705953282526
125,-1,1,4,clip,0.9427895799865411
125,-1,1,8,retrain,0.18488660713649555
125,-1,1,8,clip,0.7916239145274135
125,-1,1,12,retrain,0.2515358103456199
125,-1,1,12,clip,0.7471691783752875
125,-1,1,16,retrain,0.707701395295781
125,-1,1,16,clip,0.707701395295781
125,-1,2,2,retrain,0.9750653556007584
125,-1,2,2,clip,1.0272327825738858
125,-1,2,4,retrain,0.4335394110707933
125,-1,2,4,clip,0.8966826861352836
125,-1,2,8,retrain,0.19260218920198907
125,-1,2,8,clip,0.7560244303600621
125,-1,2,12,retrain,0.22082648307508523
125,-1,2,12,clip,0.706951914995184
125,-1,2,16,retrain,0.6693977706313827
125,-1,2,16,clip,0.6693977706313827
126,-2,0,2,retrain,1.0502223861809097
126,-2,0,2,clip,1.0123203953754676
126,-2,0,4,retrain,0.5496396308549587
126,-2,0,4,clip,0.9128415430850608
126,-2,0,8,retrain,0.25128496616133483
126,-2,0,8,clip,0.6816433258083078
126,-2,0,12,retrain,0.1992255259415825
126,-2,0,12,clip,0.6160802011802406
126,-2,0,16,retrain,0.5778852165267614
126,-2,0,16,clip,0.5778852165267614
126,-2,1,2,retrain,0.9762433694416773
126,-2,1,2,clip,1.0537945674727083
126,-2,1,4,retrain,0.498647173020885
126,-2,1,4,clip,0.9525391285177228
126,-2,1,8,retrain,0.2875832419700706
126,-2,1,8,clip,0.7201040162671349
126,-2,1,12,retrain,0.29907669172400175
126,-2,1,12,clip,0.655459640776862
126,-2,1,16,retrain,0.6156148136634818
126,-2,1,16,clip,0.6156148136634818
126,-2,2,2,retrain,0.9587244053217653
126,-2,2,2,clip,1.043790882396772
126,-2,2,4,retrain,0.5031536989667508
126,-2,2,4,clip,0.940750009419613
126,-2,2,8,retrain,0.19580831879720556
126,-2,2,8,clip,0.6761559216749172
126,-2,2,12,retrain,0.21042992338238894
126,-2,2,12,clip,0.6152386263777745
126,-2,2,16,retrain,0.5768865631660511
126,-2,2,16,clip,0.5768865631660511
127,4,0,2,retrain,0.9821653995982813
127,4,0,2,clip,1.1040166911376714
127,4,0,4,retrain,0.6494543883396232
127,4,0,4,clip,1.0537355464674785
127,4,0,8,retrain,0.3531871781573027
127,4,0,8,clip,0.6893081370083789
127,4,0,12,retrain,0.2753837484786076
127,4,0,12,clip,0.5476532024135142
127,4,0,16,retrain,0.483723246288966
127,4,0,16,clip,0.483723246288966
127,4,1,2,retrain,0.9101468502434413
127,4,1,2,clip,1.1615509390326617
127,4,1,4,retrain,0.6394839182611844
127,4,1,4,clip,1.0945997211538707
127,4,1,8,retrain,0.32368588090749617
127,4,1,8,clip,0.7073301391776583
127,4,1,12,retrain,0.29560557064461607
127,4,1,12,clip,0.5825971295132877
127,4,1,16,retrain,0.5162292551303677
127,4,1,16,clip,0.5162292551303677
127,4,2,2,retrain,0.9862073306896152
127,4,2,2,clip,1.1257871461099538
127,4,2,4,retrain,0.6223820753533384
127,4,2,4,clip,1.0821686178123742
127,4,2,8,retrain,0.3113616472813157
127,4,2,8,clip,0.6919683405789476
127,4,2,12,retrain,0.2854178414167641
127,4,2,12,clip,0.5532111978419475
127,4,2,16,retrain,0.4889834069216141
127,4,2,16,clip,0.4889834069216141
128,-3,0,2,retrain,1.1064089992836947
128,-3,0,2,clip,1.0978518418384902
128,-3,0,4,retrain,0.5773676417293285
128,-3,0,4,clip,1.0230577098742235
128,-3,0,8,retrain,0.2951019869482902
128,-3,0,8,clip,0.7548533828581906
128,-3,0,12,retrain,0.2585435450977254
128,-3,0,12,clip,0.644382784671348
128,-3,0,16,retrain,0.5953372910869849
128,-3,0,16,clip,0.5953372910869849
128,-3,1,2,retrain,0.8893489455963192
128,-3,1,2,clip,1.1520415448222179
128,-3,1,4,retrain,0.5726655576063817
128,-3,1,4,clip,1.0716179024929733
128,-3,1,8,retrain,0.27439750227466403
128,-3,1,8,clip,0.7536313033650202
128,-3,1,12,retrain,0.3112594876799738
128,-3,1,12,clip,0.6555388989674249
128,-3,1,16,retrain,0.6022458703542962
128,-3,1,16,clip,0.6022458703542962
128,-3,2,2,retrain,1.0176768654992705
128,-3,2,2,clip,1.1261467239541176
128,-3,2,4,retrain,0.6077744990858355
128,-3,2,4,clip,1.0823468517823882
128,-3,2,8,retrain,0.25363687259142376
128,-3,2,8,clip,0.756068634552844
128,-3,2,12,retrain,0.24497980669621977
128,-3,2,12,clip,0.6544029417191946
128,-3,2,16,retrain,0.6002103050499104
128,-3,2,16,clip,0.6002103050499104
129,2,0,2,retrain,1.0993583837066683
129,2,0,2,clip,1.0699995631521753
129,2,0,4,retrain,0.5277471163142823
129,2,0,4,clip,0.9641228325768383
129,2,0,8,retrain,0.2780231798831622
129,2,0,8,clip,0.6996205449042241
129,2,0,12,retrain,0.24902062235284206
129,2,0,12,clip,0.6371126019603621
129,2,0,16,retrain,0.5992775759027119
129,2,0,16,clip,0.5992775759027119
129,2,1,2,retrain,0.9671535471287014
129,2,1,2,clip,1.0939068796024538
129,2,1,4,retrain,0.5121911253234993
129,2,1,4,clip,0.9499072528309193
129,2,1,8,retrain,0.23838317188355584
129,2,1,8,clip,0.698873793319225
129,2,1,12,retrain,0.29816579068238125
129,2,1,12,clip,0.6257599180396829
129,2,1,16,retrain,0.5889021738748311
129,2,1,16,clip,0.5889021738748311
129,2,2,2,retrain,0.9764448095101148
129,2,2,2,clip,1.118955170182006
129,2,2,4,retrain,0.5244794344027774
129,2,2,4,clip,0.9912965007879352
129,2,2,8,retrain,0.24633716317863447
129,2,2,8,clip,0.7262848815058341
129,2,2,12,retrain,0.2339099691723706
129,2,2,12,clip,0.6625892631933836
129,2,2,16,retrain,0.6231853774189244
129,2,2,16,clip,0.6231853774189244
130,-3,0,2,retrain,1.0561883628388433
130,-3,0,2,clip,1.0338567675644694
130,-3,0,4,retrain,0.6191649861978842
130,-3,0,4,clip,0.9770167459549213
130,-3,0,8,retrain,0.31196531700870145
130,-3,0,8,clip,0.7004075055441616
130,-3,0,12,retrain,0.2644215046918386
130,-3,0,12,clip,0.5957308172438811
130,-3,0,16,retrain,0.5550106745270219
130,-3,0,16,clip,0.5550106745270219
130,-3,1,2,retrain,0.965843835208283
130,-3,1,2,clip,1.0981882527253857
130,-3,1,4,retrain,0.593296563072872
130,-3,1,4,clip,1.0055159425105173
130,-3,1,8,retrain,0.35345250210454365
130,-3,1,8,clip,0.6928426479261325
130,-3,1,12,retrain,0.33459875674882816
130,-3,1,12,clip,0.6020818121538727
130,-3,1,16,retrain,0.5589961575045314
130,-3,1,16,clip,0.5589961575045314
130,-3,2,2,retrain,1.0400693983066283
130,-3,2,2,clip,1.1065841853157168
130,-3,2,4,retrain,0.6116462933186511
130,-3,2,4,clip,1.04875756336661
130,-3,2,8,retrain,0.2915921432287545
130,-3,2,8,clip,0.742402173178608
130,-3,2,12,retrain,0.2784635503512302
130,-3,2,12,clip,0.6413327744052849
130,-3,2,16,retrain,0.5959831700020359
130,-3,2,16,clip,0.5959831700020359
131,-1,0,2,retrain,0.9781021295282252
131,-1,0,2,clip,1.0297875900581324
131,-1,0,4,retrain,0.49327799676926526
131,-1,0,4,clip,0.8995494945702392
131,-1,0,8,retrain,0.190167111674907
131,-1,0,8,clip,0.7118375668852552
131,-1,0,12,retrain,0.18173636967213544
131,-1,0,12,clip,0.6575411110715965
131,-1,0,16,retrain,0.6189084184850155
131,-1,0,16,clip,0.6189084184850155
131,-1,1,2,retrain,0.9407004902230651
131,-1,1,2,clip,1.0605141679440502
131,-1,1,4,retrain,0.4643412399509636
131,-1,1,4,clip,0.9182708002613909
131,-1,1,8,retrain,0.20224160633725427
131,-1,1,8,clip,0.7547641706509987
131,-1,1,12,retrain,0.28652927682396123
131,-1,1,12,clip,0.6978597001115936
131,-1,1,16,retrain,0.6573292333495018
131,-1,1,16,clip,0.6573292333495018
131,-1,2,2,retrain,0.8003944649367017
131,-1,2,2,clip,1.0179204149489331
131,-1,2,4,retrain,0.44501264558938713
131,-1,2,4,clip,0.8896694281832045
131,-1,2,8,retrain,0.15939352184400846
131,-1,2,8,clip,0.6944149683790187
131,-1,2,12,retrain,0.1654483441299248
131,-1,2,12,clip,0.6415147185187774
131,-1,2,16,retrain,0.6023212429589591
131,-1,2,16,clip,0.6023212429589591
132,-2,0,2,retrain,0.9972855862338884
132,-2,0,2,clip,1.0524220498282648
132,-2,0,4,retrain,0.5165009217019051
132,-2,0,4,clip,0.9718527709687038
132,-2,0,8,retrain,0.22510470594675133
132,-2,0,8,clip,0.7501150760451908
132,-2,0,12,retrain,0.2292950160000578
132,-2,0,12,clip,0.677320326745526
132,-2,0,16,retrain,0.6373839896669091
132,-2,0,16,clip,0.6373839896669091
132,-2,1,2,retrain,0.9998057871406096
132,-2,1,2,clip,1.083286996353971
132,-2,1,4,retrain,0.4918016147623683
132,-2,1,4,clip,0.9910460711052317
132,-2,1,8,retrain,0.21690517371965504
132,-2,1,8,clip,0.7875054102211156
132,-2,1,12,retrain,0.26758460943431583
132,-2,1,12,clip,0.714379850219095
132,-2,1,16,retrain,0.6704492338059996
132,-2,1,16,clip,0.6704492338059996
132,-2,2,2,retrain,1.043888662740153
132,-2,2,2,clip,1.0976871917015063
132,-2,2,4,retrain,0.5041825643956225
132,-2,2,4,clip,0.9917591594011902
132,-2,2,8,retrain,0.21141061972763356
132,-2,2,8,clip,0.7613655732440664
132,-2,2,12,retrain,0.21766665099494803
132,-2,2,12,clip,0.6872718241256353
132,-2,2,16,retrain,0.6444582365817656
132,-2,2,16,clip,0.6444582365817656
133,3,0,2,retrain,1.0271727284702343
133,3,0,2,clip,1.0407191967532154
133,3,0,4,retrain,0.5750583203408386
133,3,0,4,clip,1.055944588373355
133,3,0,8,retrain,0.2930081268031492
133,3,0,8,clip,0.7575808143391125
133,3,0,12,retrain,0.2589432445450268
133,3,0,12,clip,0.6623082315783545
133,3,0,16,retrain,0.6124727197870723
133,3,0,16,clip,0.6124727197870723
133,3,1,2,retrain,0.9551846704934875
133,3,1,2,clip,1.0695490640313088
133,3,1,4,retrain,0.5677096475791158
133,3,1,4,clip,1.018662459381645
133,3,1,8,retrain,0.26384601159540655
133,3,1,8,clip,0.7444116731227938
133,3,1,12,retrain,0.2658379793854448
133,3,1,12,clip,0.6546374028407935
133,3,1,16,retrain,0.6027176286171619
133,3,1,16,clip,0.6027176286171619
133,3,2,2,retrain,1.0488536529717274
133,3,2,2,clip,1.0694643335593075
133,3,2,4,retrain,0.5601463389490422
133,3,2,4,clip,1.0621684170525632
133,3,2,8,retrain,0.27368006066273015
133,3,2,8,clip,0.7504249095915259
133,3,2,12,retrain,0.25912810811302706
133,3,2,12,clip,0.6592967506201821
133,3,2,16,retrain,0.6068791395376496
133,3,2,16,clip,0.6068791395376496
134,-1,0,2,retrain,1.1198153936136617
134,-1,0,2,clip,0.9904620736743327
134,-1,0,4,retrain,0.4136225217074855
134,-1,0,4,clip,0.8835496498250257
134,-1,0,8,retrain,0.2297276234049521
134,-1,0,8,clip,0.7350408899934332
134,-1,0,12,retrain,0.2241254632756988
134,-1,0,12,clip,0.6864302411185229
134,-1,0,16,retrain,0.6504500002641908
134,-1,0,16,clip,0.6504500002641908
134,-1,1,2,retrain,1.203037529162984
134,-1,1,2,clip,1.0611334542981072
134,-1,1,4,retrain,0.5481402764737014
134,-1,1,4,clip,0.9358951831293087
134,-1,1,8,retrain,0.22632938207089726
134,-1,1,8,clip,0.7916120897502552
134,-1,1,12,retrain,0.3247916626960864
134,-1,1,12,clip,0.746273678864174
134,-1,1,16,retrain,0.7082798879930549
134,-1,1,16,clip,0.7082798879930549
134,-1,2,2,retrain,1.1563481815581895
134,-1,2,2,clip,1.106885732771523
134,-1,2,4,retrain,0.47726122351673395
134,-1,2,4,clip,1.0198317720420687
134,-1,2,8,retrain,0.22362962118672683
134,-1,2,8,clip,0.8845402135685008
134,-1,2,12,retrain,0.27097175694763187
134,-1,2,12,clip,0.8332067301295999
134,-1,2,16,retrain,0.7922449307246223
134,-1,2,16,clip,0.7922449307246223
135,0,0,2,retrain,1.0017245231423317
135,0,0,2,clip,1.0291025187882938
135,0,0,4,retrain,0.532789041707674
135,0,0,4,clip,0.8840095154567731
135,0,0,8,retrain,0.24831221505183604
135,0,0,8,clip,0.731265546043258
135,0,0,12,retrain,0.23401388668827325
135,0,0,12,clip,0.6778855583785885
135,0,0,16,retrain,0.6367221956150648
135,0,0,16,clip,0.6367221956150648
135,0,1,2,retrain,0.949119031276825
135,0,1,2,clip,1.0583542689094263
135,0,1,4,retrain,0.4414535148304798
135,0,1,4,clip,0.9026939923676994
135,0,1,8,retrain,0.24799340004146836
135,0,1,8,clip,0.7429514063808744
135,0,1,12,retrain,0.30759812580161877
135,0,1,12,clip,0.6892131241223096
135,0,1,16,retrain,0.6485264955884006
135,0,1,16,clip,0.6485264955884006
135,0,2,2,retrain,1.0192439110779734
135,0,2,2,clip,1.0060808349185946
135,0,2,4,retrain,0.48757218191009954
135,0,2,4,clip,0.8556496827630968
135,0,2,8,retrain,0.24547348991151763
135,0,2,8,clip,0.6930034804879811
135,0,2,12,retrain,0.22337042163634194
135,0,2,12,clip,0.6370756256731916
135,0,2,16,retrain,0.5979922241969097
135,0,2,16,clip,0.5979922241969097
136,3,0,2,retrain,1.1289184785074542
136,3,0,2,clip,1.0847622533138241
136,3,0,4,retrain,0.5695691226775068
136,3,0,4,clip,0.9984517988684319
136,3,0,8,retrain,0.26917017788188585
136,3,0,8,clip,0.7064068735138586
136,3,0,12,retrain,0.20943166070600744
136,3,0,12,clip,0.6021295136446698
136,3,0,16,retrain,0.5588744181870429
136,3,0,16,clip,0.5588744181870429
136,3,1,2,retrain,1.0098684989936284
136,3,1,2,clip,1.1348988458515519
136,3,1,4,retrain,0.550658768015206
136,3,1,4,clip,1.0341355731428057
136,3,1,8,retrain,0.24798106861568464
136,3,1,8,clip,0.7097054580470177
136,3,1,12,retrain,0.250397262825903
136,3,1,12,clip,0.6157122094943726
136,3,1,16,retrain,0.5719580841348709
136,3,1,16,clip,0.5719580841348709
136,3,2,2,retrain,1.02574779134537
136,3,2,2,clip,1.1438780853601267
136,3,2,4,retrain,0.5813412853855102
136,3,2,4,clip,1.0559105992536606
136,3,2,8,retrain,0.2391221491839881
136,3,2,8,clip,0.7359309693352672
136,3,2,12,retrain,0.22086590188927382
136,3,2,12,clip,0.6459577239599592
136,3,2,16,retrain,0.5983145046364735
136,3,2,16,clip,0.5983145046364735
137,-1,0,2,retrain,0.9091004206599389
137,-1,0,2,clip,1.0188640690299147
137,-1,0,4,retrain,0.4582609321889507
137,-1,0,4,clip,0.8989918887389212
137,-1,0,8,retrain,0.2211139100048348
137,-1,0,8,clip,0.7369986135061284
137,-1,0,12,retrain,0.21623333408843773
137,-1,0,12,clip,0.6987445188533644
137,-1,0,16,retrain,0.6604518654325406
137,-1,0,16,clip,0.6604518654325406
137,-1,1,2,retrain,0.9409012494163613
137,-1,1,2,clip,1.0506304437526117
137,-1,1,4,retrain,0.46332716732369694
137,-1,1,4,clip,0.9111592649062054
137,-1,1,8,retrain,0.18769604455464028
137,-1,1,8,clip,0.7661096481625349
137,-1,1,12,retrain,0.2847034026427504
137,-1,1,12,clip,0.7196831885888321
137,-1,1,16,retrain,0.6784366895427918
137,-1,1,16,clip,0.6784366895427918
137,-1,2,2,retrain,0.8289872661309834
137,-1,2,2,clip,1.0028326371973595
137,-1,2,4,retrain,0.42934257800105546
137,-1,2,4,clip,0.8719561109356178
137,-1,2,8,retrain,0.19145464536850018
137,-1,2,8,clip,0.7143362111198672
137,-1,2,12,retrain,0.1708474186712665
137,-1,2,12,clip,0.6756471320312911
137,-1,2,16,retrain,0.6357501863035381
137,-1,2,16,clip,0.6357501863035381
138,-1,0,2,retrain,0.9963435435499599
138,-1,0,2,clip,0.9770610062111952
138,-1,0,4,retrain,0.3841525208496768
138,-1,0,4,clip,0.9297238365122786
138,-1,0,8,retrain,0.2201903451016104
138,-1,0,8,clip,0.7837137433917004
138,-1,0,12,retrain,0.24355972413498525
138,-1,0,12,clip,0.7436314667045647
138,-1,0,16,retrain,0.7051056712013052
138,-1,0,16,clip,0.7051056712013052
138,-1,1,2,retrain,1.1195310167731238
138,-1,1,2,clip,0.993489567053147
138,-1,1,4,retrain,0.41888457979556815
138,-1,1,4,clip,0.948023268636009
138,-1,1,8,retrain,0.20587010893214863
138,-1,1,8,clip,0.8018109231785715
138,-1,1,12,retrain,0.31039891617432214
138,-1,1,12,clip,0.7570150605301105
138,-1,1,16,retrain,0.7152712937740702
138,-1,1,16,clip,0.7152712937740702
138,-1,2,2,retrain,1.0605256333032678
138,-1,2,2,clip,0.9652267676410425
138,-1,2,4,retrain,0.4435385820905448
138,-1,2,4,clip,0.918664934254965
138,-1,2,8,retrain,0.20980853304411573
138,-1,2,8,clip,0.764285382182682
138,-1,2,12,retrain,0.20037935583883196
138,-1,2,12,clip,0.7236998954542074
138,-1,2,16,retrain,0.6843325694100023
138,-1,2,16,clip,0.6843325694100023
139,-2,0,2,retrain,1.0313014691053652
139,-2,0,2,clip,0.9887859271014544
139,-2,0,4,retrain,0.5033702439382538
139,-2,0,4,clip,0.921824779951794
139,-2,0,8,retrain,0.2924658820775174
139,-2,0,8,clip,0.744314361042765
139,-2,0,12,retrain,0.2538481630148924
139,-2,0,12,clip,0.7021170721413859
139,-2,0,16,retrain,0.6644619010884565
139,-2,0,16,clip,0.6644619010884565
139,-2,1,2,retrain,0.9786911779210081
139,-2,1,2,clip,1.008108859844315
139,-2,1,4,retrain,0.4749375171961982
139,-2,1,4,clip,0.9193318984901189
139,-2,1,8,retrain,0.2396786217553222
139,-2,1,8,clip,0.7477529980755082
139,-2,1,12,retrain,0.30730478992822463
139,-2,1,12,clip,0.69394090504052
139,-2,1,16,retrain,0.6515438746177682
139,-2,1,16,clip,0.6515438746177682
139,-2,2,2,retrain,0.9299111551202014
139,-2,2,2,clip,1.0109473351955425
139,-2,2,4,retrain,0.47989283219568457
139,-2,2,4,clip,0.9420991065991661
139,-2,2,8,retrain,0.2116603666826739
139,-2,2,8,clip,0.7482178207614741
139,-2,2,12,retrain,0.23487931712772897
139,-2,2,12,clip,0.703670335366754
139,-2,2,16,retrain,0.6628629118233713
139,-2,2,16,clip,0.6628629118233713
140,0,0,2,retrain,0.8845502145111348
140,0,0,2,clip,1.0183194967004217
140,0,0,4,retrain,0.4037248334524958
140,0,0,4,clip,0.8989705896113962
140,0,0,8,retrain,0.2008144466796434
140,0,0,8,clip,0.7651233814828721
140,0,0,12,retrain,0.20797230772370306
140,0,0,12,clip,0.7193786688507292
140,0,0,16,retrain,0.6803907274790335
140,0,0,16,clip,0.6803907274790335
140,0,1,2,retrain,0.993957614770737
140,0,1,2,clip,1.0463459545224794
140,0,1,4,retrain,0.4255537160540686
140,0,1,4,clip,0.9108491158597615
140,0,1,8,retrain,0.17907341743708055
140,0,1,8,clip,0.7860644627613271
140,0,1,12,retrain,0.27889956254378645
140,0,1,12,clip,0.7401549118757141
140,0,1,16,retrain,0.6984695568803018
140,0,1,16,clip,0.6984695568803018
140,0,2,2,retrain,0.8383755118839624
140,0,2,2,clip,0.9798535540282514
140,0,2,4,retrain,0.4424740335941953
140,0,2,4,clip,0.8432696545752356
140,0,2,8,retrain,0.1781527892512462
140,0,2,8,clip,0.7011000800057982
140,0,2,12,retrain,0.14113206609758194
140,0,2,12,clip,0.6644358244591646
140,0,2,16,retrain,0.6256363684302727
140,0,2,16,clip,0.6256363684302727
141,-3,0,2,retrain,1.0692436587064285
141,-3,0,2,clip,1.0372719146312743
141,-3,0,4,retrain,0.5072868241955208
141,-3,0,4,clip,0.9923915774643619
141,-3,0,8,retrain,0.2983616744868603
141,-3,0,8,clip,0.7626007158310729
141,-3,0,12,retrain,0.23478593804132386
141,-3,0,12,clip,0.6698684220429928
141,-3,0,16,retrain,0.6256696746535045
141,-3,0,16,clip,0.6256696746535045
141,-3,1,2,retrain,0.9828116919209771
141,-3,1,2,clip,1.075136984773114
141,-3,1,4,retrain,0.5282025240778452
141,-3,1,4,clip,1.0109179794784813
141,-3,1,8,retrain,0.29583407731259126
141,-3,1,8,clip,0.7599702758484009
141,-3,1,12,retrain,0.2785586713464803
141,-3,1,12,clip,0.685630181574334
141,-3,1,16,retrain,0.640714242650903
141,-3,1,16,clip,0.640714242650903
141,-3,2,2,retrain,1.0675701695751956
141,-3,2,2,clip,1.0607314239192083
141,-3,2,4,retrain,0.5557759709456063
141,-3,2,4,clip,0.9894565779774287
141,-3,2,8,retrain,0.26799827323340836
141,-3,2,8,clip,0.7183943601014086
141,-3,2,12,retrain,0.2189106051805886
141,-3,2,12,clip,0.6379082034787709
141,-3,2,16,retrain,0.5936276497399886
141,-3,2,16,clip,0.5936276497399886
142,-3,0,2,retrain,1.085076149106604
142,-3,0,2,clip,1.0404260792830815
142,-3,0,4,retrain,0.5547870104707358
142,-3,0,4,clip,0.9980618785419257
142,-3,0,8,retrain,0.3067842439533941
142,-3,0,8,clip,0.6730210529634865
142,-3,0,12,retrain,0.22807803230210388
142,-3,0,12,clip,0.5828857365046142
142,-3,0,16,retrain,0.5408057843166768
142,-3,0,16,clip,0.5408057843166768
142,-3,1,2,retrain,1.0264836638210437
142,-3,1,2,clip,1.0959875683739075
142,-3,1,4,retrain,0.5337259563937499
142,-3,1,4,clip,1.039924529399677
142,-3,1,8,retrain,0.2782532590403661
142,-3,1,8,clip,0.7269156752568353
142,-3,1,12,retrain,0.30293366178436343
142,-3,1,12,clip,0.6402766017307717
142,-3,1,16,retrain,0.5953814943101849
142,-3,1,16,clip,0.5953814943101849
142,-3,2,2,retrain,1.0427673651777938
142,-3,2,2,clip,1.1283638125471782
142,-3,2,4,retrain,0.5804546537541663
142,-3,2,4,clip,1.093809186096412
142,-3,2,8,retrain,0.2845591727879787
142,-3,2,8,clip,0.7707366719738173
142,-3,2,12,retrain,0.2697284770413446
142,-3,2,12,clip,0.6851585769709285
142,-3,2,16,retrain,0.6370477662094223
142,-3,2,16,clip,0.6370477662094223
143,-4,0,2,retrain,1.0349118268566817
143,-4,0,2,clip,1.120568553594935
143,-4,0,4,retrain,0.6858316966874695
143,-4,0,4,clip,1.0964297626504773
143,-4,0,8,retrain,0.33381119876503723
143,-4,0,8,clip,0.6736797932001971
143,-4,0,12,retrain,0.2809622500393731
143,-4,0,12,clip,0.5308533893304336
143,-4,0,16,retrain,0.46767353927299743
143,-4,0,16,clip,0.46767353927299743
143,-4,1,2,retrain,1.0882936705893143
143,-4,1,2,clip,1.1476165401169955
143,-4,1,4,retrain,0.6464056371148086
143,-4,1,4,clip,1.147515367093052
143,-4,1,8,retrain,0.32838661327620416
143,-4,1,8,clip,0.6857250319553989
143,-4,1,12,retrain,0.29469536570125715
143,-4,1,12,clip,0.531303885709273
143,-4,1,16,retrain,0.4711154289111634
143,-4,1,16,clip,0.4711154289111634
143,-4,2,2,retrain,1.173450007185099
143,-4,2,2,clip,1.1331116623596342
143,-4,2,4,retrain,0.6878763679408223
143,-4,2,4,clip,1.1236493061378654
143,-4,2,8,retrain,0.3124810682509108
143,-4,2,8,clip,0.6538533042851047
143,-4,2,12,retrain,0.2741106759082298
143,-4,2,12,clip,0.5059745975937807
143,-4,2,16,retrain,0.4415640609209017
143,-4,2,16,clip,0.4415640609209017
144,1,0,2,retrain,1.0654465057752922
144,1,0,2,clip,1.1807216626926664
144,1,0,4,retrain,0.6093614449808393
144,1,0,4,clip,0.9896907619816347
144,1,0,8,retrain,0.33830651182773164
144,1,0,8,clip,0.7282354865843785
144,1,0,12,retrain,0.29402625295611723
144,1,0,12,clip,0.6617415156830818
144,1,0,16,retrain,0.6208483030655136
144,1,0,16,clip,0.6208483030655136
144,1,1,2,retrain,0.9303010608621061
144,1,1,2,clip,1.1765693982563172
144,1,1,4,retrain,0.6326938704930294
144,1,1,4,clip,0.92749142999092
144,1,1,8,retrain,0.30833677192398706
144,1,1,8,clip,0.6926413478420493
144,1,1,12,retrain,0.33916660050124015
144,1,1,12,clip,0.6207060303715349
144,1,1,16,retrain,0.5855840375978667
144,1,1,16,clip,0.5855840375978667
144,1,2,2,retrain,1.0114441455996472
144,1,2,2,clip,1.240996704810319
144,1,2,4,retrain,0.5981249884677048
144,1,2,4,clip,1.0056165534880017
144,1,2,8,retrain,0.31736822618052124
144,1,2,8,clip,0.7442608016975238
144,1,2,12,retrain,0.3112451447753002
144,1,2,12,clip,0.6785416270665807
144,1,2,16,retrain,0.6379901766449302
144,1,2,16,clip,0.6379901766449302
145,-1,0,2,retrain,0.9552501064775818
145,-1,0,2,clip,1.0748391805752746
145,-1,0,4,retrain,0.5031230638623793
145,-1,0,4,clip,0.9526975493326502
145,-1,0,8,retrain,0.18087795885776184
145,-1,0,8,clip,0.7462937425683637
145,-1,0,12,retrain,0.2214201813496715
145,-1,0,12,clip,0.695752356628758
145,-1,0,16,retrain,0.6567461257369371
145,-1,0,16,clip,0.6567461257369371
145,-1,1,2,retrain,0.8674102786434124
145,-1,1,2,clip,1.0833176766914114
145,-1,1,4,retrain,0.444761835047813
145,-1,1,4,clip,0.9482012620109033
145,-1,1,8,retrain,0.17532682657090046
145,-1,1,8,clip,0.7457943115963933
145,-1,1,12,retrain,0.2519891794521666
145,-1,1,12,clip,0.6937990369536883
145,-1,1,16,retrain,0.6517265221850008
145,-1,1,16,clip,0.6517265221850008
145,-1,2,2,retrain,0.9333248516970742
145,-1,2,2,clip,1.0346246662978051
145,-1,2,4,retrain,0.4667026099969144
145,-1,2,4,clip,0.8937779333370093
145,-1,2,8,retrain,0.17353602552081795
145,-1,2,8,clip,0.6790621877196242
145,-1,2,12,retrain,0.17654956630937635
145,-1,2,12,clip,0.6243121468853425
145,-1,2,16,retrain,0.587299390373285
145,-1,2,16,clip,0.587299390373285
146,0,0,2,retrain,1.1287991971159936
146,0,0,2,clip,1.0550741409809536
146,0,0,4,retrain,0.5992667746658077
146,0,0,4,clip,0.841468563857896
146,0,0,8,retrain,0.2603822525734893
146,0,0,8,clip,0.6704853171360965
146,0,0,12,retrain,0.2499143188988573
146,0,0,12,clip,0.6265815103821375
146,0,0,16,retrain,0.5920656027384104
146,0,0,16,clip,0.5920656027384104
146,0,1,2,retrain,1.0855310795533835
146,0,1,2,clip,1.0941814782475408
146,0,1,4,retrain,0.4634599160896443
146,0,1,4,clip,0.9035854560983206
146,0,1,8,retrain,0.2952211272291856
146,0,1,8,clip,0.7299455038748702
146,0,1,12,retrain,0.3473646825069701
146,0,1,12,clip,0.6839056185290837
146,0,1,16,retrain,0.6454079650372065
146,0,1,16,clip,0.6454079650372065
146,0,2,2,retrain,1.1800845566344709
146,0,2,2,clip,1.0577935016394833
146,0,2,4,retrain,0.5299376455550958
146,0,2,4,clip,0.8500145340497992
146,0,2,8,retrain,0.2860492883945052
146,0,2,8,clip,0.6761513640707877
146,0,2,12,retrain,0.2662029271367274
146,0,2,12,clip,0.6258415243489808
146,0,2,16,retrain,0.5922923835919077
146,0,2,16,clip,0.5922923835919077
147,-1,0,2,retrain,1.0836450700313258
147,-1,0,2,clip,1.0093740161496623
147,-1,0,4,retrain,0.546742926953472
147,-1,0,4,clip,0.9320033143291339
147,-1,0,8,retrain,0.2553491073043383
147,-1,0,8,clip,0.7176801738613389
147,-1,0,12,retrain,0.2289851374464331
147,-1,0,12,clip,0.6536842404159354
147,-1,0,16,retrain,0.6145924129235634
147,-1,0,16,clip,0.6145924129235634
147,-1,1,2,retrain,1.0221854593144948
147,-1,1,2,clip,1.0359932972834247
147,-1,1,4,retrain,0.45418870145211443
147,-1,1,4,clip,0.9644356368472657
147,-1,1,8,retrain,0.28301307443113505
147,-1,1,8,clip,0.7599263004839009
147,-1,1,12,retrain,0.3240811068325266
147,-1,1,12,clip,0.7009241406094374
147,-1,1,16,retrain,0.6618224476856291
147,-1,1,16,clip,0.6618224476856291
147,-1,2,2,retrain,1.0341172527793514
147,-1,2,2,clip,0.9997467232327503
147,-1,2,4,retrain,0.5136260758825038
147,-1,2,4,clip,0.9145762843896101
147,-1,2,8,retrain,0.24239762232425913
147,-1,2,8,clip,0.7096663755819588
147,-1,2,12,retrain,0.23446306906076636
147,-1,2,12,clip,0.6516036643547094
147,-1,2,16,retrain,0.6148989253360729
147,-1,2,16,clip,0.6148989253360729
148,-2,0,2,retrain,1.0093845865743916
148,-2,0,2,clip,1.0162518623083265
148,-2,0,4,retrain,0.44840465819399855
148,-2,0,4,clip,0.9323700604538817
148,-2,0,8,retrain,0.25013940624899617
148,-2,0,8,clip,0.7218635507559644
148,-2,0,12,retrain,0.22320130911454397
148,-2,0,12,clip,0.6708713747958107
148,-2,0,16,retrain,0.635344824197854
148,-2,0,16,clip,0.635344824197854
148,-2,1,2,retrain,0.9945515939207069
148,-2,1,2,clip,1.0514653412599642
148,-2,1,4,retrain,0.4442799321250407
148,-2,1,4,clip,0.9685239504091114
148,-2,1,8,retrain,0.22500395028753303
148,-2,1,8,clip,0.7592729616693262
148,-2,1,12,retrain,0.2935119164861497
148,-2,1,12,clip,0.7087188157067551
148,-2,1,16,retrain,0.6668934722323143
148,-2,1,16,clip,0.6668934722323143
148,-2,2,2,retrain,1.1153890964974904
148,-2,2,2,clip,1.0406997350313751
148,-2,2,4,retrain,0.5463552830347272
148,-2,2,4,clip,0.9676329805649805
148,-2,2,8,retrain,0.18631644978774978
148,-2,2,8,clip,0.7446496291319011
148,-2,2,12,retrain,0.20463879106589694
148,-2,2,12,clip,0.6894455064219144
148,-2,2,16,retrain,0.6499604452456944
148,-2,2,16,clip,0.6499604452456944
149,0,0,2,retrain,0.9307622393838674
149,0,0,2,clip,1.0105139851983234
149,0,0,4,retrain,0.4852854145318093
149,0,0,4,clip,0.9339333502141278
149,0,0,8,retrain,0.21990816584307663
149,0,0,8,clip,0.7472430863002203
149,0,0,12,retrain,0.2216092662303748
149,0,0,12,clip,0.6963847591712075
149,0,0,16,retrain,0.6561092149307263
149,0,0,16,clip,0.6561092149307263
149,0,1,2,retrain,0.9113735335419092
149,0,1,2,clip,1.0431152846870273
149,0,1,4,retrain,0.4490211827477605
149,0,1,4,clip,0.933524742618534
149,0,1,8,retrain,0.1926573250159142
149,0,1,8,clip,0.7620333969353407
149,0,1,12,retrain,0.2691241862519205
149,0,1,12,clip,0.6998629394342594
149,0,1,16,retrain,0.6563747133426944
149,0,1,16,clip,0.6563747133426944
149,0,2,2,retrain,0.8582405565372095
149,0,2,2,clip,0.9838402967008951
149,0,2,4,retrain,0.4789104883571511
149,0,2,4,clip,0.8734360391371269
149,0,2,8,retrain,0.19126304901979588
149,0,2,8,clip,0.7015523350623767
149,0,2,12,retrain,0.17156763603828712
149,0,2,12,clip,0.6507681021649194
149,0,2,16,retrain,0.6090840455244793
149,0,2,16,clip,0.6090840455244793
150,-1,0,2,retrain,1.0279290683714284
150,-1,0,2,clip,1.0073374462852192
150,-1,0,4,retrain,0.43194742109859724
150,-1,0,4,clip,0.8968385386328973
150,-1,0,8,retrain,0.19951905238535753
150,-1,0,8,clip,0.7625544148243749
150,-1,0,12,retrain,0.238811439382331
150,-1,0,12,clip,0.7172096067487269
150,-1,0,16,retrain,0.6803967655509534
150,-1,0,16,clip,0.6803967655509534
150,-1,1,2,retrain,1.2172247642378282
150,-1,1,2,clip,1.0874564423475468
150,-1,1,4,retrain,0.5246031859295979
150,-1,1,4,clip,0.9667384580891883
150,-1,1,8,retrain,0.25399015155640975
150,-1,1,8,clip,0.8364884722425884
150,-1,1,12,retrain,0.352085915985457
150,-1,1,12,clip,0.7968789877020976
150,-1,1,16,retrain,0.7565371083628517
150,-1,1,16,clip,0.7565371083628517
150,-1,2,2,retrain,1.0196209859449121
150,-1,2,2,clip,1.1041212361616985
150,-1,2,4,retrain,0.48522384397308355
150,-1,2,4,clip,1.0194296285343292
150,-1,2,8,retrain,0.22373210960874024
150,-1,2,8,clip,0.8901370439490256
150,-1,2,12,retrain,0.2665269759264321
150,-1,2,12,clip,0.841929913305747
150,-1,2,16,retrain,0.801813361395675
150,-1,2,16,clip,0.801813361395675
151,-1,0,2,retrain,1.1255239916328144
151,-1,0,2,clip,1.0613434795763645
151,-1,0,4,retrain,0.5973365528504828
151,-1,0,4,clip,0.9812705059205966
151,-1,0,8,retrain,0.3301523299341657
151,-1,0,8,clip,0.7659203270955083
151,-1,0,12,retrain,0.3120115529947213
151,-1,0,12,clip,0.6996990967395056
151,-1,0,16,retrain,0.663939812589791
151,-1,0,16,clip,0.663939812589791
151,-1,1,2,retrain,1.1088369540649043
151,-1,1,2,clip,1.0882703218404057
151,-1,1,4,retrain,0.6038754196874226
151,-1,1,4,clip,0.9595358225787288
151,-1,1,8,retrain,0.37337804224510307
151,-1,1,8,clip,0.7575482596583037
151,-1,1,12,retrain,0.38155147333608874
151,-1,1,12,clip,0.6949039754861757
151,-1,1,16,retrain,0.6575323090316981
151,-1,1,16,clip,0.6575323090316981
151,-1,2,2,retrain,1.0210482748360628
151,-1,2,2,clip,1.1440648637232265
151,-1,2,4,retrain,0.5564535625020984
151,-1,2,4,clip,1.0315042044516904
151,-1,2,8,retrain,0.31199477534901865
151,-1,2,8,clip,0.8220689889544964
151,-1,2,12,retrain,0.3216502207164265
151,-1,2,12,clip,0.7571439774574513
151,-1,2,16,retrain,0.7167523943648622
151,-1,2,16,clip,0.7167523943648622
152,1,0,2,retrain,1.0230913286585197
152,1,0,2,clip,0.9941607337111917
152,1,0,4,retrain,0.47812979418203255
152,1,0,4,clip,0.8538150113279364
152,1,0,8,retrain,0.17014050147874316
152,1,0,8,clip,0.7318748291562146
152,1,0,12,retrain,0.21035257309166716
152,1,0,12,clip,0.6847401302976213
152,1,0,16,retrain,0.6476180463437601
152,1,0,16,clip,0.6476180463437601
152,1,1,2,retrain,0.9706215360974098
152,1,1,2,clip,1.0406750090494463
152,1,1,4,retrain,0.4432215366678922
152,1,1,4,clip,0.8993263037252217
152,1,1,8,retrain,0.21416675994573586
152,1,1,8,clip,0.7866470368071978
152,1,1,12,retrain,0.32803283319911375
152,1,1,12,clip,0.7443129848686999
152,1,1,16,retrain,0.703694210330396
152,1,1,16,clip,0.703694210330396
152,1,2,2,retrain,0.9064400076415016
152,1,2,2,clip,1.0447561933093976
152,1,2,4,retrain,0.565020117071987
152,1,2,4,clip,0.9406984304555843
152,1,2,8,retrain,0.19138464708604228
152,1,2,8,clip,0.8222971693342601
152,1,2,12,retrain,0.23017499382682827
152,1,2,12,clip,0.7745354810680193
152,1,2,16,retrain,0.7334980214599337
152,1,2,16,clip,0.7334980214599337
153,1,0,2,retrain,1.0557636096773653
153,1,0,2,clip,1.0822281544657435
153,1,0,4,retrain,0.4936378327756618
153,1,0,4,clip,0.967552762582579
153,1,0,8,retrain,0.18319391014558367
153,1,0,8,clip,0.7251631574275277
153,1,0,12,retrain,0.23218068962387994
153,1,0,12,clip,0.6670047659085222
153,1,0,16,retrain,0.629106127805288
153,1,0,16,clip,0.629106127805288
153,1,1,2,retrain,0.9542253923921897
153,1,1,2,clip,1.1408934852145587
153,1,1,4,retrain,0.49829449993070846
153,1,1,4,clip,0.932544923685925
153,1,1,8,retrain,0.203660976928285
153,1,1,8,clip,0.7023875287262958
153,1,1,12,retrain,0.2593684250787675
153,1,1,12,clip,0.6370002958246715
153,1,1,16,retrain,0.5964014980245507
153,1,1,16,clip,0.5964014980245507
153,1,2,2,retrain,0.9961803682819561
153,1,2,2,clip,1.0982178857079665
153,1,2,4,retrain,0.5514900205714904
153,1,2,4,clip,0.9803581038078122
153,1,2,8,retrain,0.1867816994467001
153,1,2,8,clip,0.7607142516530715
153,1,2,12,retrain,0.23883029726582677
153,1,2,12,clip,0.7016313898066722
153,1,2,16,retrain,0.6609833892942795
153,1,2,16,clip,0.6609833892942795
154,-1,0,2,retrain,1.0613254108352923
154,-1,0,2,clip,1.041086709645041
154,-1,0,4,retrain,0.4643088334641377
154,-1,0,4,clip,0.9368635823896143
154,-1,0,8,retrain,0.18737155261842486
154,-1,0,8,clip,0.8306256334425243
154,-1,0,12,retrain,0.24609956025877738
154,-1,0,12,clip,0.7838029748095826
154,-1,0,16,retrain,0.7423760824642549
154,-1,0,16,clip,0.7423760824642549
154,-1,1,2,retrain,0.9740040935334274
154,-1,1,2,clip,1.0631840904688128
154,-1,1,4,retrain,0.5303411870593691
154,-1,1,4,clip,0.9421599387632962
154,-1,1,8,retrain,0.18109907680077922
154,-1,1,8,clip,0.805472658708294
154,-1,1,12,retrain,0.2504794856092897
154,-1,1,12,clip,0.7650612805850199
154,-1,1,16,retrain,0.726217854457156
154,-1,1,16,clip,0.726217854457156
154,-1,2,2,retrain,1.0152267012637746
154,-1,2,2,clip,1.021792732289157
154,-1,2,4,retrain,0.4191314230041334
154,-1,2,4,clip,0.9087903968498301
154,-1,2,8,retrain,0.17376198524262806
154,-1,2,8,clip,0.7765492510802645
154,-1,2,12,retrain,0.20911573559000982
154,-1,2,12,clip,0.7314005732153512
154,-1,2,16,retrain,0.6930913164169391
154,-1,2,16,clip,0.6930913164169391
155,0,0,2,retrain,0.9818977182398619
155,0,0,2,clip,1.059518105224177
155,0,0,4,retrain,0.42994411106181774
155,0,0,4,clip,0.9423317328795714
155,0,0,8,retrain,0.16683816180174155
155,0,0,8,clip,0.8092491685599174
155,0,0,12,retrain,0.24768031305771715
155,0,0,12,clip,0.7621372464931792
155,0,0,16,retrain,0.7242680568612351
155,0,0,16,clip,0.7242680568612351
155,0,1,2,retrain,0.9656378638234613
155,0,1,2,clip,1.084426010174767
155,0,1,4,retrain,0.4567642371978739
155,0,1,4,clip,0.9174245162803818
155,0,1,8,retrain,0.1672411350267443
155,0,1,8,clip,0.7775365370181323
155,0,1,12,retrain,0.2758261161001316
155,0,1,12,clip,0.7297533946363832
155,0,1,16,retrain,0.6896625088425773
155,0,1,16,clip,0.6896625088425773
155,0,2,2,retrain,0.9870587775717349
155,0,2,2,clip,1.0905132893943892
155,0,2,4,retrain,0.45355263458222866
155,0,2,4,clip,0.9336483579253454
155,0,2,8,retrain,0.19299083752874752
155,0,2,8,clip,0.8040651062788565
155,0,2,12,retrain,0.2569405108120786
155,0,2,12,clip,0.7589330823770221
155,0,2,16,retrain,0.7168615858101189
155,0,2,16,clip,0.7168615858101189
156,-1,0,2,retrain,0.9746583812281946
156,-1,0,2,clip,1.0451036101476459
156,-1,0,4,retrain,0.5111494553682583
156,-1,0,4,clip,0.9262879912222802
156,-1,0,8,retrain,0.1999375807448268
156,-1,0,8,clip,0.7558998942087978
156,-1,0,12,retrain,0.22170646695081958
156,-1,0,12,clip,0.6898295183673919
156,-1,0,16,retrain,0.64810920187487
156,-1,0,16,clip,0.64810920187487
156,-1,1,2,retrain,1.0377016091140823
156,-1,1,2,clip,1.090458064759852
156,-1,1,4,retrain,0.4930698477520265
156,-1,1,4,clip,0.958498959484921
156,-1,1,8,retrain,0.24952894933686526
156,-1,1,8,clip,0.7458785731025598
156,-1,1,12,retrain,0.30355460588538286
156,-1,1,12,clip,0.6963064525930981
156,-1,1,16,retrain,0.6549918156453969
156,-1,1,16,clip,0.6549918156453969
156,-1,2,2,retrain,1.0139397314067438
156,-1,2,2,clip,1.1060965038128134
156,-1,2,4,retrain,0.5128691965140866
156,-1,2,4,clip,0.9833971365512524
156,-1,2,8,retrain,0.27166925709591144
156,-1,2,8,clip,0.7737213789881237
156,-1,2,12,retrain,0.2359593395667956
156,-1,2,12,clip,0.7170720134095632
156,-1,2,16,retrain,0.6790969426904564
156,-1,2,16,clip,0.6790969426904564
157,2,0,2,retrain,1.0470727607668384
157,2,0,2,clip,1.0763008614072989
157,2,0,4,retrain,0.581652126753276
157,2,0,4,clip,0.9937197636871663
157,2,0,8,retrain,0.2428387976950704
157,2,0,8,clip,0.771349320252104
157,2,0,12,retrain,0.27312738798803265
157,2,0,12,clip,0.6882628223657419
157,2,0,16,retrain,0.6418531324224936
157,2,0,16,clip,0.6418531324224936
157,2,1,2,retrain,0.9165396369137541
157,2,1,2,clip,1.1123494726738314
157,2,1,4,retrain,0.5089961426374254
157,2,1,4,clip,1.0036438932817564
157,2,1,8,retrain,0.24567035771002252
157,2,1,8,clip,0.735605725372041
157,2,1,12,retrain,0.2611981988630499
157,2,1,12,clip,0.6489933309123643
157,2,1,16,retrain,0.6077025660018125
157,2,1,16,clip,0.6077025660018125
157,2,2,2,retrain,1.0157774298104414
157,2,2,2,clip,1.088595483302721
157,2,2,4,retrain,0.5295282771860745
157,2,2,4,clip,0.9799852421716778
157,2,2,8,retrain,0.23709176700186288
157,2,2,8,clip,0.7250718710981537
157,2,2,12,retrain,0.23505285824299682
157,2,2,12,clip,0.6391014836363819
157,2,2,16,retrain,0.5876383490052361
157,2,2,16,clip,0.5876383490052361
158,3,0,2,retrain,0.9843309994118677
158,3,0,2,clip,1.0896193021621345
158,3,0,4,retrain,0.6026940876030569
158,3,0,4,clip,1.0384672312500265
158,3,0,8,retrain,0.22796389702007105
158,3,0,8,clip,0.7002774136786284
158,3,0,12,retrain,0.22280769467504358
158,3,0,12,clip,0.5872217606350199
158,3,0,16,retrain,0.5445679103306178
158,3,0,16,clip,0.5445679103306178
158,3,1,2,retrain,0.9296553045667785
158,3,1,2,clip,1.1385270821694757
158,3,1,4,retrain,0.5940217643337297
158,3,1,4,clip,1.0389924146066132
158,3,1,8,retrain,0.23770305286015866
158,3,1,8,clip,0.6596127731199831
158,3,1,12,retrain,0.2633247414536819
158,3,1,12,clip,0.5654107882065552
158,3,1,16,retrain,0.5245568543099736
158,3,1,16,clip,0.5245568543099736
158,3,2,2,retrain,0.9665350464261515
158,3,2,2,clip,1.1137286148833705
158,3,2,4,retrain,0.5849184459386536
158,3,2,4,clip,1.0473173548681711
158,3,2,8,retrain,0.22960373398675252
158,3,2,8,clip,0.6821771933397951
158,3,2,12,retrain,0.21337288062066143
158,3,2,12,clip,0.5874714668505088
158,3,2,16,retrain,0.5451113335187822
158,3,2,16,clip,0.5451113335187822
159,2,0,2,retrain,1.0906654826745696
159,2,0,2,clip,1.0244191964692897
159,2,0,4,retrain,0.531950962073175
159,2,0,4,clip,0.9635117671335933
159,2,0,8,retrain,0.23428337016689132
159,2,0,8,clip,0.7141266513080156
159,2,0,12,retrain,0.22895016009960867
159,2,0,12,clip,0.6375797289956932
159,2,0,16,retrain,0.5965591425723846
159,2,0,16,clip,0.5965591425723846
159,2,1,2,retrain,1.0410845918297924
159,2,1,2,clip,1.0603734253501338
159,2,1,4,retrain,0.5513984484139479
159,2,1,4,clip,0.959669712381505
159,2,1,8,retrain,0.2635084994386645
159,2,1,8,clip,0.6975755145528629
159,2,1,12,retrain,0.2809442077016805
159,2,1,12,clip,0.6260215491185264
159,2,1,16,retrain,0.5843500082232473
159,2,1,16,clip,0.5843500082232473
159,2,2,2,retrain,1.1131063105950039
159,2,2,2,clip,1.1006653897131702
159,2,2,4,retrain,0.5109668211196008
159,2,2,4,clip,0.992141813191192
159,2,2,8,retrain,0.23109829022718364
159,2,2,8,clip,0.7413257216420255
159,2,2,12,retrain,0.24969515904986916
159,2,2,12,clip,0.669533600718748
159,2,2,16,retrain,0.6238525228353503
159,2,2,16,clip,0.6238525228353503
160,4,0,2,retrain,1.0125588862444883
160,4,0,2,clip,1.1340972500496493
160,4,0,4,retrain,0.6752308996396602
160,4,0,4,clip,1.1080770410420269
160,4,0,8,retrain,0.33070381068508825
160,4,0,8,clip,0.6821244896821712
160,4,0,12,retrain,0.26700163702096885
160,4,0,12,clip,0.5351495970895653
160,4,0,16,retrain,0.47808475022981645
160,4,0,16,clip,0.47808475022981645
160,4,1,2,retrain,0.9535119582164883
160,4,1,2,clip,1.1808461542271909
160,4,1,4,retrain,0.6385630312191451
160,4,1,4,clip,1.1618260478474542
160,4,1,8,retrain,0.27023146630160877
160,4,1,8,clip,0.6681918131655615
160,4,1,12,retrain,0.26474948012303817
160,4,1,12,clip,0.5333091142217169
160,4,1,16,retrain,0.47686404265871696
160,4,1,16,clip,0.47686404265871696
160,4,2,2,retrain,1.0148818295990498
160,4,2,2,clip,1.1693537772832179
160,4,2,4,retrain,0.6829799302157958
160,4,2,4,clip,1.1622988791105
160,4,2,8,retrain,0.28517704950760087
160,4,2,8,clip,0.679206274260361
160,4,2,12,retrain,0.25350761638184044
160,4,2,12,clip,0.5422494834900955
160,4,2,16,retrain,0.48050220921567044
160,4,2,16,clip,0.48050220921567044
161,2,0,2,retrain,1.0971426817481535
161,2,0,2,clip,1.0216526284415666
161,2,0,4,retrain,0.5749789758262511
161,2,0,4,clip,0.8858040480422695
161,2,0,8,retrain,0.34117667904466736
161,2,0,8,clip,0.6993140984025858
161,2,0,12,retrain,0.27169710090010085
161,2,0,12,clip,0.6577574600897143
161,2,0,16,retrain,0.6258936354710876
161,2,0,16,clip,0.6258936354710876
161,2,1,2,retrain,1.0709935257615064
161,2,1,2,clip,1.067565337163529
161,2,1,4,retrain,0.5709857535867715
161,2,1,4,clip,0.9723219082533765
161,2,1,8,retrain,0.3804436105819772
161,2,1,8,clip,0.7756799160182571
161,2,1,12,retrain,0.3693952382748004
161,2,1,12,clip,0.7307219656249162
161,2,1,16,retrain,0.6938343863776661
161,2,1,16,clip,0.6938343863776661
161,2,2,2,retrain,1.0480892663402053
161,2,2,2,clip,1.0738442271213078
161,2,2,4,retrain,0.5502684000804131
161,2,2,4,clip,0.9378638225483663
161,2,2,8,retrain,0.2791078525816271
161,2,2,8,clip,0.7488237168992112
161,2,2,12,retrain,0.26195172260613225
161,2,2,12,clip,0.7015908859225581
161,2,2,16,retrain,0.6664388878926513
161,2,2,16,clip,0.6664388878926513
162,2,0,2,retrain,1.0396921975417701
162,2,0,2,clip,1.0850927788230837
162,2,0,4,retrain,0.5180353617002961
162,2,0,4,clip,0.9718512189055275
162,2,0,8,retrain,0.24230853446737874
162,2,0,8,clip,0.692303094971274
162,2,0,12,retrain,0.22396642351978063
162,2,0,12,clip,0.6165423700005558
162,2,0,16,retrain,0.5765053494378012
162,2,0,16,clip,0.5765053494378012
162,2,1,2,retrain,1.0357263482886816
162,2,1,2,clip,1.112144813024716
162,2,1,4,retrain,0.5864926518443523
162,2,1,4,clip,0.995207864235477
162,2,1,8,retrain,0.2599183618061
162,2,1,8,clip,0.7146115863488351
162,2,1,12,retrain,0.2973896130318134
162,2,1,12,clip,0.6440942673339182
162,2,1,16,retrain,0.6009778834878292
162,2,1,16,clip,0.6009778834878292
162,2,2,2,retrain,1.0333040892558818
162,2,2,2,clip,1.1407780985683222
162,2,2,4,retrain,0.5371224975138137
162,2,2,4,clip,1.0349443351433751
162,2,2,8,retrain,0.23504101871085367
162,2,2,8,clip,0.7609251697759716
162,2,2,12,retrain,0.2565305082747851
162,2,2,12,clip,0.6849848193410502
162,2,2,16,retrain,0.6418243558018981
162,2,2,16,clip,0.6418243558018981
163,2,0,2,retrain,1.0421866542635194
163,2,0,2,clip,0.9994300994029097
163,2,0,4,retrain,0.6169847227954729
163,2,0,4,clip,0.9302114297123479
163,2,0,8,retrain,0.3356399830785434
163,2,0,8,clip,0.6751404975882404
163,2,0,12,retrain,0.26663091087464347
163,2,0,12,clip,0.6141963495205216
163,2,0,16,retrain,0.57130061863658
163,2,0,16,clip,0.57130061863658
163,2,1,2,retrain,0.9221043706135276
163,2,1,2,clip,1.034054013223987
163,2,1,4,retrain,0.5766614321767113
163,2,1,4,clip,0.9468123184627938
163,2,1,8,retrain,0.32557994248752525
163,2,1,8,clip,0.6973482267181421
163,2,1,12,retrain,0.34221465044157456
163,2,1,12,clip,0.6289116822819288
163,2,1,16,retrain,0.5897023068120407
163,2,1,16,clip,0.5897023068120407
163,2,2,2,retrain,1.0142592747112202
163,2,2,2,clip,1.0157188517643443
163,2,2,4,retrain,0.5388772973864058
163,2,2,4,clip,0.9299611982252275
163,2,2,8,retrain,0.34591763166438794
163,2,2,8,clip,0.6640428829330003
163,2,2,12,retrain,0.2959822743855019
163,2,2,12,clip,0.5985761658898631
163,2,2,16,retrain,0.5568400743840847
163,2,2,16,clip,0.5568400743840847
164,1,0,2,retrain,1.1164140545212309
164,1,0,2,clip,0.964141581118425
164,1,0,4,retrain,0.4430958237037332
164,1,0,4,clip,0.8312798799871721
164,1,0,8,retrain,0.19820090401028084
164,1,0,8,clip,0.6837515413967999
164,1,0,12,retrain,0.18905249284059747
164,1,0,12,clip,0.6434391256983122
164,1,0,16,retrain,0.607336750017314
164,1,0,16,clip,0.607336750017314
164,1,1,2,retrain,1.1920367163966785
164,1,1,2,clip,1.044879809986959
164,1,1,4,retrain,0.4020728056090141
164,1,1,4,clip,0.9421595514733933
164,1,1,8,retrain,0.22778173113066014
164,1,1,8,clip,0.8177101746381926
164,1,1,12,retrain,0.34982655685391184
164,1,1,12,clip,0.770322306637403
164,1,1,16,retrain,0.7281055387869483
164,1,1,16,clip,0.7281055387869483
164,1,2,2,retrain,0.8682377711493543
164,1,2,2,clip,0.9734541560899193
164,1,2,4,retrain,0.4171724318325434
164,1,2,4,clip,0.8499717161933958
164,1,2,8,retrain,0.1961454525458851
164,1,2,8,clip,0.7202446773532382
164,1,2,12,retrain,0.21463143206760493
164,1,2,12,clip,0.6857686085502499
164,1,2,16,retrain,0.6480235801834893
164,1,2,16,clip,0.6480235801834893
165,3,0,2,retrain,0.9661941184304468
165,3,0,2,clip,1.0984665661252548
165,3,0,4,retrain,0.631952798922942
165,3,0,4,clip,1.0564908224457057
165,3,0,8,retrain,0.251426788337097
165,3,0,8,clip,0.6467874739739774
165,3,0,12,retrain,0.21304056029444807
165,3,0,12,clip,0.5333198425630772
165,3,0,16,retrain,0.49113554400947446
165,3,0,16,clip,0.49113554400947446
165,3,1,2,retrain,0.9090190354220605
165,3,1,2,clip,1.1415544544180227
165,3,1,4,retrain,0.6072264529904102
165,3,1,4,clip,1.0638741699542988
165,3,1,8,retrain,0.2834991667515173
165,3,1,8,clip,0.637830026451697
165,3,1,12,retrain,0.23641301872360296
165,3,1,12,clip,0.5116404839400098
165,3,1,16,retrain,0.4733988896611608
165,3,1,16,clip,0.4733988896611608
165,3,2,2,retrain,0.9992162710999893
165,3,2,2,clip,1.1327645156167314
165,3,2,4,retrain,0.6133020687460518
165,3,2,4,clip,1.0763384725930962
165,3,2,8,retrain,0.24682797236810872
165,3,2,8,clip,0.6575557300832783
165,3,2,12,retrain,0.23919254327096534
165,3,2,12,clip,0.55757733603351
165,3,2,16,retrain,0.5154819185952475
165,3,2,16,clip,0.5154819185952475
166,-4,0,2,retrain,1.0578040975763587
166,-4,0,2,clip,1.088536924561932
166,-4,0,4,retrain,0.7351349869337133
166,-4,0,4,clip,1.0674551670241852
166,-4,0,8,retrain,0.49464813850847666
166,-4,0,8,clip,0.6938246369907225
166,-4,0,12,retrain,0.3511047152376666
166,-4,0,12,clip,0.5453630086614789
166,-4,0,16,retrain,0.4723904680827026
166,-4,0,16,clip,0.4723904680827026
166,-4,1,2,retrain,0.9432234956089187
166,-4,1,2,clip,1.1661209917929585
166,-4,1,4,retrain,0.6891481834333992
166,-4,1,4,clip,1.1198680055869852
166,-4,1,8,retrain,0.4952863939128358
166,-4,1,8,clip,0.7038142090059042
166,-4,1,12,retrain,0.4051816612648143
166,-4,1,12,clip,0.5755548872146874
166,-4,1,16,retrain,0.5081811989413078
166,-4,1,16,clip,0.5081811989413078
166,-4,2,2,retrain,1.1526392569823023
166,-4,2,2,clip,1.154153498029374
166,-4,2,4,retrain,0.7018528127798311
166,-4,2,4,clip,1.1192140852249335
166,-4,2,8,retrain,0.45583828863210785
166,-4,2,8,clip,0.7178257265625486
166,-4,2,12,retrain,0.3683076240490547
166,-4,2,12,clip,0.5834847777156815
166,-4,2,16,retrain,0.5091883191251647
166,-4,2,16,clip,0.5091883191251647
167,3,0,2,retrain,0.9805032909964523
167,3,0,2,clip,1.0902092125036986
167,3,0,4,retrain,0.5944253477924866
167,3,0,4,clip,1.0208591266474927
167,3,0,8,retrain,0.21166050961474375
167,3,0,8,clip,0.6738972191555215
167,3,0,12,retrain,0.21694303981507573
167,3,0,12,clip,0.570857174661171
167,3,0,16,retrain,0.5321456555452122
167,3,0,16,clip,0.5321456555452122
167,3,1,2,retrain,0.9092953554433508
167,3,1,2,clip,1.1233585021212806
167,3,1,4,retrain,0.5666244186365693
167,3,1,4,clip,1.0274370198431337
167,3,1,8,retrain,0.21093979680509364
167,3,1,8,clip,0.6459041410502646
167,3,1,12,retrain,0.22573154468666695
167,3,1,12,clip,0.5489799648106995
167,3,1,16,retrain,0.5085662503788614
167,3,1,16,clip,0.5085662503788614
167,3,2,2,retrain,1.003241188880626
167,3,2,2,clip,1.1137763647357586
167,3,2,4,retrain,0.6082939977711301
167,3,2,4,clip,1.027463605574106
167,3,2,8,retrain,0.2130661287309121
167,3,2,8,clip,0.685813027389992
167,3,2,12,retrain,0.22140309470185543
167,3,2,12,clip,0.5937219378784132
167,3,2,16,retrain,0.5503640179756173
167,3,2,16,clip,0.5503640179756173
168,-4,0,2,retrain,1.0001558265805284
168,-4,0,2,clip,1.1293626244211883
168,-4,0,4,retrain,0.6275618172251094
168,-4,0,4,clip,1.104363135780975
168,-4,0,8,retrain,0.3485269216377256
168,-4,0,8,clip,0.6592692136145853
168,-4,0,12,retrain,0.2315974956081815
168,-4,0,12,clip,0.5291589103187783
168,-4,0,16,retrain,0.4633031081782241
168,-4,0,16,clip,0.4633031081782241
168,-4,1,2,retrain,0.9405964520744979
168,-4,1,2,clip,1.15531825067265
168,-4,1,4,retrain,0.6116402580611723
168,-4,1,4,clip,1.141113347976734
168,-4,1,8,retrain,0.3246173802269698
168,-4,1,8,clip,0.683996469460427
168,-4,1,12,retrain,0.2813175024950149
168,-4,1,12,clip,0.571469559157347
168,-4,1,16,retrain,0.5135535667364715
168,-4,1,16,clip,0.5135535667364715
168,-4,2,2,retrain,1.0227477872919364
168,-4,2,2,clip,1.1472772408070202
168,-4,2,4,retrain,0.6447290289621136
168,-4,2,4,clip,1.1155415825231734
168,-4,2,8,retrain,0.2700196481311776
168,-4,2,8,clip,0.6405479345148134
168,-4,2,12,retrain,0.25157313153871047
168,-4,2,12,clip,0.5221536301895541
168,-4,2,16,retrain,0.45499033106188785
168,-4,2,16,clip,0.45499033106188785
169,-4,0,2,retrain,1.0557633346858846
169,-4,0,2,clip,1.122320052150542
169,-4,0,4,retrain,0.633749379960246
169,-4,0,4,clip,1.0701317005676527
169,-4,0,8,retrain,0.3392167036111563
169,-4,0,8,clip,0.6471729663143361
169,-4,0,12,retrain,0.21867295779726836
169,-4,0,12,clip,0.5052338089812706
169,-4,0,16,retrain,0.45876843987763116
169,-4,0,16,clip,0.45876843987763116
169,-4,1,2,retrain,1.014223204153097
169,-4,1,2,clip,1.1655780793095216
169,-4,1,4,retrain,0.6232288017257255
169,-4,1,4,clip,1.1033844061889186
169,-4,1,8,retrain,0.30194006434493403
169,-4,1,8,clip,0.6629163433234623
169,-4,1,12,retrain,0.2622257332703329
169,-4,1,12,clip,0.5406182939708237
169,-4,1,16,retrain,0.49330649120283376
169,-4,1,16,clip,0.49330649120283376
169,-4,2,2,retrain,1.0850376442615774
169,-4,2,2,clip,1.1644830382203322
169,-4,2,4,retrain,0.6350264646512874
169,-4,2,4,clip,1.1015040177139799
169,-4,2,8,retrain,0.25622783413505684
169,-4,2,8,clip,0.6524730219806124
169,-4,2,12,retrain,0.22201365948560628
169,-4,2,12,clip,0.5281810081282109
169,-4,2,16,retrain,0.47914073207991575
169,-4,2,16,clip,0.47914073207991575
170,2,0,2,retrain,0.9379818804388899
170,2,0,2,clip,1.065385953336673
170,2,0,4,retrain,0.6042268623070389
170,2,0,4,clip,1.0046061669798427
170,2,0,8,retrain,0.36415734805517097
170,2,0,8,clip,0.7488821206481763
170,2,0,12,retrain,0.3304647854443989
170,2,0,12,clip,0.6586370893962358
170,2,0,16,retrain,0.6086673673806396
170,2,0,16,clip,0.6086673673806396
170,2,1,2,retrain,0.961591264798923
170,2,1,2,clip,1.119410486562339
170,2,1,4,retrain,0.5736461410358109
170,2,1,4,clip,1.0384083760881917
170,2,1,8,retrain,0.3210788759060856
170,2,1,8,clip,0.7138658565173923
170,2,1,12,retrain,0.3558162100534833
170,2,1,12,clip,0.6503132845401103
170,2,1,16,retrain,0.610640826199054
170,2,1,16,clip,0.610640826199054
170,2,2,2,retrain,0.9147841512822803
170,2,2,2,clip,1.1055723174666097
170,2,2,4,retrain,0.5746957198561964
170,2,2,4,clip,1.0534707640124545
170,2,2,8,retrain,0.3384887014631684
170,2,2,8,clip,0.7575578178516651
170,2,2,12,retrain,0.34442217418166166
170,2,2,12,clip,0.6762755741078096
170,2,2,16,retrain,0.6287195615852198
170,2,2,16,clip,0.6287195615852198
171,-4,0,2,retrain,0.992334236637295
171,-4,0,2,clip,1.1026495442695106
171,-4,0,4,retrain,0.6458485348038187
171,-4,0,4,clip,1.0585970899292767
171,-4,0,8,retrain,0.35191504684047226
171,-4,0,8,clip,0.6567802146008839
171,-4,0,12,retrain,0.2618461864949282
171,-4,0,12,clip,0.5238768735102441
171,-4,0,16,retrain,0.4568018680979786
171,-4,0,16,clip,0.4568018680979786
171,-4,1,2,retrain,0.9260245171782737
171,-4,1,2,clip,1.1384727205872893
171,-4,1,4,retrain,0.6099922163217651
171,-4,1,4,clip,1.0856598283704084
171,-4,1,8,retrain,0.3396189490917988
171,-4,1,8,clip,0.7262998648257538
171,-4,1,12,retrain,0.30865881987166044
171,-4,1,12,clip,0.6111426639903844
171,-4,1,16,retrain,0.5405470425442045
171,-4,1,16,clip,0.5405470425442045
171,-4,2,2,retrain,0.9602514607656052
171,-4,2,2,clip,1.1286083784831777
171,-4,2,4,retrain,0.6247833806179383
171,-4,2,4,clip,1.0884937873562985
171,-4,2,8,retrain,0.3003270552850625
171,-4,2,8,clip,0.6790335602224847
171,-4,2,12,retrain,0.2765950574487757
171,-4,2,12,clip,0.5594787687908468
171,-4,2,16,retrain,0.49331202327239504
171,-4,2,16,clip,0.49331202327239504
172,-4,0,2,retrain,0.9754913287414876
172,-4,0,2,clip,1.128708007068207
172,-4,0,4,retrain,0.6506639083245105
172,-4,0,4,clip,1.1172967336364394
172,-4,0,8,retrain,0.3278495074256598
172,-4,0,8,clip,0.6890408731542506
172,-4,0,12,retrain,0.2839934547316427
172,-4,0,12,clip,0.5544800101579767
172,-4,0,16,retrain,0.4930292762384865
172,-4,0,16,clip,0.4930292762384865
172,-4,1,2,retrain,0.9602756064717091
172,-4,1,2,clip,1.1624611366217847
172,-4,1,4,retrain,0.6469076824599933
172,-4,1,4,clip,1.0982289347029197
172,-4,1,8,retrain,0.3290799256978341
172,-4,1,8,clip,0.6555028687080565
172,-4,1,12,retrain,0.29903512472975224
172,-4,1,12,clip,0.5286370697238262
172,-4,1,16,retrain,0.467460206472235
172,-4,1,16,clip,0.467460206472235
172,-4,2,2,retrain,0.9900937127899431
172,-4,2,2,clip,1.150756749204892
172,-4,2,4,retrain,0.6868185470136019
172,-4,2,4,clip,1.1234190519937288
172,-4,2,8,retrain,0.31612904010927695
172,-4,2,8,clip,0.665674994997513
172,-4,2,12,retrain,0.2742053511391626
172,-4,2,12,clip,0.5301918601917158
172,-4,2,16,retrain,0.4650149454451157
172,-4,2,16,clip,0.4650149454451157
173,3,0,2,retrain,1.0237970294406036
173,3,0,2,clip,1.0965227064060985
173,3,0,4,retrain,0.5919378677115372
173,3,0,4,clip,1.0783252808692583
173,3,0,8,retrain,0.2705416817723434
173,3,0,8,clip,0.7409047708095343
173,3,0,12,retrain,0.2684359591663391
173,3,0,12,clip,0.6349420023581274
173,3,0,16,retrain,0.5882146472089234
173,3,0,16,clip,0.5882146472089234
173,3,1,2,retrain,0.8806098157274324
173,3,1,2,clip,1.1205677791017115
173,3,1,4,retrain,0.5875450395432958
173,3,1,4,clip,1.0665693086974426
173,3,1,8,retrain,0.24869519202815607
173,3,1,8,clip,0.7132887885946545
173,3,1,12,retrain,0.28481926892289067
173,3,1,12,clip,0.6172918072847261
173,3,1,16,retrain,0.5690905089955345
173,3,1,16,clip,0.5690905089955345
173,3,2,2,retrain,1.0314773877855201
173,3,2,2,clip,1.1039936658092468
173,3,2,4,retrain,0.56604568451372
173,3,2,4,clip,1.0545688371909976
173,3,2,8,retrain,0.2573155427493386
173,3,2,8,clip,0.695344768956868
173,3,2,12,retrain,0.24940661868560474
173,3,2,12,clip,0.6038383337464893
173,3,2,16,retrain,0.553343081147333
173,3,2,16,clip,0.553343081147333
174,3,0,2,retrain,1.0126830310033437
174,3,0,2,clip,1.0882183707208657
174,3,0,4,retrain,0.5848621201812491
174,3,0,4,clip,1.0493543994495085
174,3,0,8,retrain,0.24408735972609014
174,3,0,8,clip,0.7285493102955906
174,3,0,12,retrain,0.25259146873915267
174,3,0,12,clip,0.6285575775154989
174,3,0,16,retrain,0.5864515364046855
174,3,0,16,clip,0.5864515364046855
174,3,1,2,retrain,1.1043068236706097
174,3,1,2,clip,1.1362630451178324
174,3,1,4,retrain,0.580317583728688
174,3,1,4,clip,1.0611666878990942
174,3,1,8,retrain,0.24565059016162372
174,3,1,8,clip,0.690169442156318
174,3,1,12,retrain,0.2940946167398344
174,3,1,12,clip,0.5981488658480811
174,3,1,16,retrain,0.5563891400889753
174,3,1,16,clip,0.5563891400889753
174,3,2,2,retrain,0.9660269359343587
174,3,2,2,clip,1.104458189859047
174,3,2,4,retrain,0.5890602917092989
174,3,2,4,clip,1.0663880237295353
174,3,2,8,retrain,0.22815668350847476
174,3,2,8,clip,0.726648023921438
174,3,2,12,retrain,0.2612159095343803
174,3,2,12,clip,0.6343368701372585
174,3,2,16,retrain,0.5883306241816186
174,3,2,16,clip,0.5883306241816186
175,2,0,2,retrain,0.9792660845751718
175,2,0,2,clip,1.056391616260589
175,2,0,4,retrain,0.5304796260346191
175,2,0,4,clip,0.9772055045054028
175,2,0,8,retrain,0.19441011155565427
175,2,0,8,clip,0.6940241478623794
175,2,0,12,retrain,0.18548667453327597
175,2,0,12,clip,0.6213567403008582
175,2,0,16,retrain,0.5846129959805632
175,2,0,16,clip,0.5846129959805632
175,2,1,2,retrain,0.9783553707784625
175,2,1,2,clip,1.0960959803748391
175,2,1,4,retrain,0.5138214548513024
175,2,1,4,clip,0.9430301983925685
175,2,1,8,retrain,0.19598662648147405
175,2,1,8,clip,0.6863854956155422
175,2,1,12,retrain,0.2191109726647069
175,2,1,12,clip,0.6139122201130183
175,2,1,16,retrain,0.5770789185385817
175,2,1,16,clip,0.5770789185385817
175,2,2,2,retrain,1.0993177569710642
175,2,2,2,clip,1.099128851197236
175,2,2,4,retrain,0.5314112954939966
175,2,2,4,clip,0.9845259745597587
175,2,2,8,retrain,0.1991513877336318
175,2,2,8,clip,0.7282893004343938
175,2,2,12,retrain,0.21346745597587682
175,2,2,12,clip,0.6632344779686717
175,2,2,16,retrain,0.6227146258382892
175,2,2,16,clip,0.6227146258382892
176,-2,0,2,retrain,1.0164033128421215
176,-2,0,2,clip,1.074750364556904
176,-2,0,4,retrain,0.5248519264274354
176,-2,0,4,clip,1.0027457473647314
176,-2,0,8,retrain,0.2489672403655365
176,-2,0,8,clip,0.7164377940865888
176,-2,0,12,retrain,0.253640188305787
176,-2,0,12,clip,0.6338006776983038
176,-2,0,16,retrain,0.5872960658503634
176,-2,0,16,clip,0.5872960658503634
176,-2,1,2,retrain,0.9847581152470833
176,-2,1,2,clip,1.1032893186030732
176,-2,1,4,retrain,0.47532308699380166
176,-2,1,4,clip,0.9842472830603174
176,-2,1,8,retrain,0.26770474375861986
176,-2,1,8,clip,0.716953730957495
176,-2,1,12,retrain,0.3116078555154118
176,-2,1,12,clip,0.6466189126201783
176,-2,1,16,retrain,0.6017257139386936
176,-2,1,16,clip,0.6017257139386936
176,-2,2,2,retrain,0.9971634684519675
176,-2,2,2,clip,1.1256473486886203
176,-2,2,4,retrain,0.48867179032494035
176,-2,2,4,clip,1.0413359147126444
176,-2,2,8,retrain,0.22146342517404838
176,-2,2,8,clip,0.7580118743283591
176,-2,2,12,retrain,0.25940530050983085
176,-2,2,12,clip,0.6792021718662012
176,-2,2,16,retrain,0.6318298827898363
176,-2,2,16,clip,0.6318298827898363
177,-4,0,2,retrain,0.9521852251000482
177,-4,0,2,clip,1.1119641411593812
177,-4,0,4,retrain,0.6741960664161857
177,-4,0,4,clip,1.0892580630925752
177,-4,0,8,retrain,0.3380851195729359
177,-4,0,8,clip,0.6575101277875317
177,-4,0,12,retrain,0.260079721113922
177,-4,0,12,clip,0.5147078795529232
177,-4,0,16,retrain,0.4572219711444182
177,-4,0,16,clip,0.4572219711444182
177,-4,1,2,retrain,0.97656442557502
177,-4,1,2,clip,1.1732107232668416
177,-4,1,4,retrain,0.6366712216335485
177,-4,1,4,clip,1.1230301756073873
177,-4,1,8,retrain,0.32600775783839847
177,-4,1,8,clip,0.6400000578167935
177,-4,1,12,retrain,0.2649262320204041
177,-4,1,12,clip,0.5107020588482236
177,-4,1,16,retrain,0.4467809128967649
177,-4,1,16,clip,0.4467809128967649
177,-4,2,2,retrain,1.032626275010906
177,-4,2,2,clip,1.1774023279755803
177,-4,2,4,retrain,0.6610304673869196
177,-4,2,4,clip,1.145645669406769
177,-4,2,8,retrain,0.2620845204659939
177,-4,2,8,clip,0.6439073169044215
177,-4,2,12,retrain,0.24086872959738562
177,-4,2,12,clip,0.4973069430730153
177,-4,2,16,retrain,0.4343095235779954
177,-4,2,16,clip,0.4343095235779954
178,4,0,2,retrain,1.0268129720301242
178,4,0,2,clip,1.135695148558735
178,4,0,4,retrain,0.6631180251203094
178,4,0,4,clip,1.1100074446086021
178,4,0,8,retrain,0.34842587075883863
178,4,0,8,clip,0.6867139710353242
178,4,0,12,retrain,0.2644304107046387
178,4,0,12,clip,0.5316510179040276
178,4,0,16,retrain,0.47080875398775135
178,4,0,16,clip,0.47080875398775135
178,4,1,2,retrain,0.9002555143286006
178,4,1,2,clip,1.1776987474704659
178,4,1,4,retrain,0.6544262750884313
178,4,1,4,clip,1.1245268338451644
178,4,1,8,retrain,0.3066619031023953
178,4,1,8,clip,0.6737926948068063
178,4,1,12,retrain,0.28389096489725
178,4,1,12,clip,0.5405159736344691
178,4,1,16,retrain,0.4795406851518044
178,4,1,16,clip,0.4795406851518044
178,4,2,2,retrain,1.0364064178322463
178,4,2,2,clip,1.1791446555388816
178,4,2,4,retrain,0.6598575403819245
178,4,2,4,clip,1.1377700951629197
178,4,2,8,retrain,0.3068853790385071
178,4,2,8,clip,0.6501063991580284
178,4,2,12,retrain,0.2529634721915695
178,4,2,12,clip,0.5060406263028374
178,4,2,16,retrain,0.43565749411279237
178,4,2,16,clip,0.43565749411279237
179,2,0,2,retrain,1.0417403411011361
179,2,0,2,clip,1.040377663209027
179,2,0,4,retrain,0.529234330808346
179,2,0,4,clip,0.9629753694278147
179,2,0,8,retrain,0.20595695472205935
179,2,0,8,clip,0.7048475892078353
179,2,0,12,retrain,0.214987432843073
179,2,0,12,clip,0.6313308444018537
179,2,0,16,retrain,0.5944996705422062
179,2,0,16,clip,0.5944996705422062
179,2,1,2,retrain,0.8952077289486475
179,2,1,2,clip,1.069963254735598
179,2,1,4,retrain,0.5084793154970456
179,2,1,4,clip,0.9580430629427424
179,2,1,8,retrain,0.2186715788098781
179,2,1,8,clip,0.675997812702262
179,2,1,12,retrain,0.24678226648827312
179,2,1,12,clip,0.5963996502902843
179,2,1,16,retrain,0.5609683045079343
179,2,1,16,clip,0.5609683045079343
179,2,2,2,retrain,1.0501631800564886
179,2,2,2,clip,1.0880491816133586
179,2,2,4,retrain,0.5490074398824908
179,2,2,4,clip,1.0112847008986894
179,2,2,8,retrain,0.21797838569439168
179,2,2,8,clip,0.7530054694595183
179,2,2,12,retrain,0.24196569979741775
179,2,2,12,clip,0.6826733703799123
179,2,2,16,retrain,0.6417165465135963
179,2,2,16,clip,0.6417165465135963
180,4,0,2,retrain,0.9001358780067412
180,4,0,2,clip,1.1345104921295563
180,4,0,4,retrain,0.6373955283443353
180,4,0,4,clip,1.1167495395377662
180,4,0,8,retrain,0.3072018576773204
180,4,0,8,clip,0.6283506513111659
180,4,0,12,retrain,0.2279371476947201
180,4,0,12,clip,0.4832483901153009
180,4,0,16,retrain,0.4289507776590048
180,4,0,16,clip,0.4289507776590048
180,4,1,2,retrain,0.8614870992728457
180,4,1,2,clip,1.165716488446643
180,4,1,4,retrain,0.6838530779033968
180,4,1,4,clip,1.1359691572942359
180,4,1,8,retrain,0.28577788951776734
180,4,1,8,clip,0.6287405290472696
180,4,1,12,retrain,0.2413425524747761
180,4,1,12,clip,0.4951449045059815
180,4,1,16,retrain,0.43619919016789843
180,4,1,16,clip,0.43619919016789843
180,4,2,2,retrain,0.9035113876937146
180,4,2,2,clip,1.158267876235723
180,4,2,4,retrain,0.6730873622135455
180,4,2,4,clip,1.1327856305977502
180,4,2,8,retrain,0.2883232304794597
180,4,2,8,clip,0.6070258544794874
180,4,2,12,retrain,0.24612525891677686
180,4,2,12,clip,0.47409983893766633
180,4,2,16,retrain,0.418425317573611
180,4,2,16,clip,0.418425317573611
181,1,0,2,retrain,1.1610525051837883
181,1,0,2,clip,1.0253949544274292
181,1,0,4,retrain,0.4404252556664367
181,1,0,4,clip,0.8891585223237319
181,1,0,8,retrain,0.17505977905358305
181,1,0,8,clip,0.7516659166477593
181,1,0,12,retrain,0.23718343749409176
181,1,0,12,clip,0.7082258057334552
181,1,0,16,retrain,0.6691491879213335
181,1,0,16,clip,0.6691491879213335
181,1,1,2,retrain,1.0285130467973287
181,1,1,2,clip,1.066011293259858
181,1,1,4,retrain,0.43722518534931026
181,1,1,4,clip,0.910285152105978
181,1,1,8,retrain,0.19266419084089711
181,1,1,8,clip,0.7870002329817888
181,1,1,12,retrain,0.34178753809846013
181,1,1,12,clip,0.7406539554449136
181,1,1,16,retrain,0.6989278797896721
181,1,1,16,clip,0.6989278797896721
181,1,2,2,retrain,1.1026692763611063
181,1,2,2,clip,1.0932473629066504
181,1,2,4,retrain,0.47128007941786854
181,1,2,4,clip,0.9648299834738209
181,1,2,8,retrain,0.18563632492379245
181,1,2,8,clip,0.8382379549861827
181,1,2,12,retrain,0.263807459449034
181,1,2,12,clip,0.7935183457912461
181,1,2,16,retrain,0.7514022732900635
181,1,2,16,clip,0.7514022732900635
182,3,0,2,retrain,1.036950025890474
182,3,0,2,clip,1.0367328444749473
182,3,0,4,retrain,0.533425568770681
182,3,0,4,clip,0.9217495109341887
182,3,0,8,retrain,0.3373061828546897
182,3,0,8,clip,0.6875452088330001
182,3,0,12,retrain,0.32465972262998727
182,3,0,12,clip,0.6200145705768079
182,3,0,16,retrain,0.5851194039144817
182,3,0,16,clip,0.5851194039144817
182,3,1,2,retrain,1.0896280122737096
182,3,1,2,clip,1.045391057033975
182,3,1,4,retrain,0.5316391735085593
182,3,1,4,clip,0.9485330840521551
182,3,1,8,retrain,0.27125537587090476
182,3,1,8,clip,0.7209131456014575
182,3,1,12,retrain,0.31075269554988016
182,3,1,12,clip,0.6498395387668946
182,3,1,16,retrain,0.6106708621441118
182,3,1,16,clip,0.6106708621441118
182,3,2,2,retrain,1.1137370907792368
182,3,2,2,clip,1.0125781854312252
182,3,2,4,retrain,0.5620888854305047
182,3,2,4,clip,0.9041603130546034
182,3,2,8,retrain,0.2836026542499967
182,3,2,8,clip,0.6232280711805736
182,3,2,12,retrain,0.26948799586068106
182,3,2,12,clip,0.5538490041602193
182,3,2,16,retrain,0.5092916188237373
182,3,2,16,clip,0.5092916188237373
183,0,0,2,retrain,0.9293101189018156
183,0,0,2,clip,1.0325491502433368
183,0,0,4,retrain,0.4360412340384274
183,0,0,4,clip,0.9246951902016615
183,0,0,8,retrain,0.20030040319115633
183,0,0,8,clip,0.7785811084879165
183,0,0,12,retrain,0.2925014914169709
183,0,0,12,clip,0.7291805552618482
183,0,0,16,retrain,0.6912133760610334
183,0,0,16,clip,0.6912133760610334
183,0,1,2,retrain,1.1016033576898614
183,0,1,2,clip,1.0542153611574698
183,0,1,4,retrain,0.4540753079293768
183,0,1,4,clip,0.9150309896807892
183,0,1,8,retrain,0.19849652143730273
183,0,1,8,clip,0.7486680655244461
183,0,1,12,retrain,0.28393556948084553
183,0,1,12,clip,0.701599267397387
183,0,1,16,retrain,0.6596124195339669
183,0,1,16,clip,0.6596124195339669
183,0,2,2,retrain,0.954100097892243
183,0,2,2,clip,1.0006531623848405
183,0,2,4,retrain,0.42361009940886
183,0,2,4,clip,0.9367488113954098
183,0,2,8,retrain,0.18706807259852676
183,0,2,8,clip,0.80313143062847
183,0,2,12,retrain,0.2794259192499277
183,0,2,12,clip,0.750031955233943
183,0,2,16,retrain,0.7062219209261038
183,0,2,16,clip,0.7062219209261038
184,-2,0,2,retrain,1.0358605720467304
184,-2,0,2,clip,0.999497781139718
184,-2,0,4,retrain,0.5210309047780685
184,-2,0,4,clip,0.9002458110432379
184,-2,0,8,retrain,0.3071903829211132
184,-2,0,8,clip,0.6997698880622776
184,-2,0,12,retrain,0.26255053574793535
184,-2,0,12,clip,0.6416858227938613
184,-2,0,16,retrain,0.6084262104675537
184,-2,0,16,clip,0.6084262104675537
184,-2,1,2,retrain,1.1680126663411137
184,-2,1,2,clip,1.0895919609001918
184,-2,1,4,retrain,0.5351857712462655
184,-2,1,4,clip,0.9857944304872508
184,-2,1,8,retrain,0.3320424842149577
184,-2,1,8,clip,0.7708907976369306
184,-2,1,12,retrain,0.3741894383045411
184,-2,1,12,clip,0.7174971686648998
184,-2,1,16,retrain,0.6830015130734483
184,-2,1,16,clip,0.6830015130734483
184,-2,2,2,retrain,1.0022844441940357
184,-2,2,2,clip,1.0900861692596018
184,-2,2,4,retrain,0.5854329388547038
184,-2,2,4,clip,1.0286086151312954
184,-2,2,8,retrain,0.27779020602855775
184,-2,2,8,clip,0.8230490352661838
184,-2,2,12,retrain,0.2835225608516695
184,-2,2,12,clip,0.7686876152280023
184,-2,2,16,retrain,0.7307380968624341
184,-2,2,16,clip,0.7307380968624341
185,1,0,2,retrain,1.2533311431704461
185,1,0,2,clip,1.051300135933084
185,1,0,4,retrain,0.702656187552815
185,1,0,4,clip,0.886852894936479
185,1,0,8,retrain,0.3999732544056917
185,1,0,8,clip,0.6624622375857695
185,1,0,12,retrain,0.3305426267200002
185,1,0,12,clip,0.6201362431547688
185,1,0,16,retrain,0.5899040505216052
185,1,0,16,clip,0.5899040505216052
185,1,1,2,retrain,1.0051625796270496
185,1,1,2,clip,1.1031064425137889
185,1,1,4,retrain,0.6210889136045635
185,1,1,4,clip,0.9393461367803807
185,1,1,8,retrain,0.4645543055090809
185,1,1,8,clip,0.6990101233489597
185,1,1,12,retrain,0.38962793480304203
185,1,1,12,clip,0.6465501335705064
185,1,1,16,retrain,0.6138974354860938
185,1,1,16,clip,0.6138974354860938
185,1,2,2,retrain,1.0830833061031084
185,1,2,2,clip,1.109677085601165
185,1,2,4,retrain,0.6138087386671661
185,1,2,4,clip,0.9211503307764742
185,1,2,8,retrain,0.3131799621084756
185,1,2,8,clip,0.7021387057742046
185,1,2,12,retrain,0.3006599834075619
185,1,2,12,clip,0.6545463451662653
185,1,2,16,retrain,0.6222818384641227
185,1,2,16,clip,0.6222818384641227
186,-3,0,2,retrain,1.0089243952589475
186,-3,0,2,clip,1.1317890562269741
186,-3,0,4,retrain,0.6675990389697652
186,-3,0,4,clip,1.0679434654987372
186,-3,0,8,retrain,0.32747863305955643
186,-3,0,8,clip,0.7154561377583567
186,-3,0,12,retrain,0.34972054756643484
186,-3,0,12,clip,0.6213224789396259
186,-3,0,16,retrain,0.5847821093901111
186,-3,0,16,clip,0.5847821093901111
186,-3,1,2,retrain,1.0080780619947378
186,-3,1,2,clip,1.1300275370380937
186,-3,1,4,retrain,0.6029723022447007
186,-3,1,4,clip,1.0846947433391327
186,-3,1,8,retrain,0.2902107160063556
186,-3,1,8,clip,0.6744923635447196
186,-3,1,12,retrain,0.3362785402212048
186,-3,1,12,clip,0.5974116102422568
186,-3,1,16,retrain,0.5583281099101566
186,-3,1,16,clip,0.5583281099101566
186,-3,2,2,retrain,1.00264808608831
186,-3,2,2,clip,1.1264577895490262
186,-3,2,4,retrain,0.6028311984666886
186,-3,2,4,clip,1.1055443133444738
186,-3,2,8,retrain,0.3281009364505444
186,-3,2,8,clip,0.729660575124566
186,-3,2,12,retrain,0.3434080431855378
186,-3,2,12,clip,0.646545381323118
186,-3,2,16,retrain,0.6045559106453048
186,-3,2,16,clip,0.6045559106453048
187,-1,0,2,retrain,1.0288410319274346
187,-1,0,2,clip,1.0016875907999154
187,-1,0,4,retrain,0.3907242302229899
187,-1,0,4,clip,0.8975991395378388
187,-1,0,8,retrain,0.21972737336614162
187,-1,0,8,clip,0.730968581707237
187,-1,0,12,retrain,0.2223264037424926
187,-1,0,12,clip,0.6853272257356141
187,-1,0,16,retrain,0.6498283302227286
187,-1,0,16,clip,0.6498283302227286
187,-1,1,2,retrain,1.1519405708130153
187,-1,1,2,clip,1.0889668301138247
187,-1,1,4,retrain,0.5019285803759276
187,-1,1,4,clip,0.9928614484124105
187,-1,1,8,retrain,0.2284665051843162
187,-1,1,8,clip,0.8235598059064255
187,-1,1,12,retrain,0.3338037416106023
187,-1,1,12,clip,0.7769669546679139
187,-1,1,16,retrain,0.7378210664822062
187,-1,1,16,clip,0.7378210664822062
187,-1,2,2,retrain,1.0014430851612137
187,-1,2,2,clip,1.1110506031701772
187,-1,2,4,retrain,0.4748054593850062
187,-1,2,4,clip,1.04571115343159
187,-1,2,8,retrain,0.2008241437708324
187,-1,2,8,clip,0.8743140601560507
187,-1,2,12,retrain,0.2602699849110656
187,-1,2,12,clip,0.8269612404371813
187,-1,2,16,retrain,0.786882691504052
187,-1,2,16,clip,0.786882691504052
188,0,0,2,retrain,0.9207727337914859
188,0,0,2,clip,1.0134951054654302
188,0,0,4,retrain,0.4090634678065171
188,0,0,4,clip,0.9170152978451669
188,0,0,8,retrain,0.23427107955999293
188,0,0,8,clip,0.7664315879101679
188,0,0,12,retrain,0.22170632556693784
188,0,0,12,clip,0.7244683116377816
188,0,0,16,retrain,0.6829764053922136
188,0,0,16,clip,0.6829764053922136
188,0,1,2,retrain,1.057044968153237
188,0,1,2,clip,1.0316088342707435
188,0,1,4,retrain,0.42140759191617644
188,0,1,4,clip,0.9159554747674099
188,0,1,8,retrain,0.21704062655337886
188,0,1,8,clip,0.7843670480194885
188,0,1,12,retrain,0.2919949109002046
188,0,1,12,clip,0.7339385393688573
188,0,1,16,retrain,0.693631835779732
188,0,1,16,clip,0.693631835779732
188,0,2,2,retrain,0.9279101554935135
188,0,2,2,clip,0.9630135381883048
188,0,2,4,retrain,0.4467214487849726
188,0,2,4,clip,0.8359640724492254
188,0,2,8,retrain,0.2096598950628014
188,0,2,8,clip,0.6878946860603794
188,0,2,12,retrain,0.1655973820111292
188,0,2,12,clip,0.646633000836526
188,0,2,16,retrain,0.6085534474902551
188,0,2,16,clip,0.6085534474902551
189,3,0,2,retrain,1.0456453822336051
189,3,0,2,clip,1.0621299522294614
189,3,0,4,retrain,0.5969114058783876
189,3,0,4,clip,1.0192417480491758
189,3,0,8,retrain,0.29816639474121
189,3,0,8,clip,0.7085243052491212
189,3,0,12,retrain,0.26108907921916785
189,3,0,12,clip,0.6006575955827514
189,3,0,16,retrain,0.5490986966047465
189,3,0,16,clip,0.5490986966047465
189,3,1,2,retrain,0.9417208000185876
189,3,1,2,clip,1.1004948254399356
189,3,1,4,retrain,0.5896871357875346
189,3,1,4,clip,1.0302466749553154
189,3,1,8,retrain,0.2799224297533255
189,3,1,8,clip,0.7056387778720354
189,3,1,12,retrain,0.2766608834575264
189,3,1,12,clip,0.6056552147658878
189,3,1,16,retrain,0.5518092708702449
189,3,1,16,clip,0.5518092708702449
189,3,2,2,retrain,1.057806936321287
189,3,2,2,clip,1.0998584397462197
189,3,2,4,retrain,0.5850339142571581
189,3,2,4,clip,1.0386828906790224
189,3,2,8,retrain,0.30709660400719185
189,3,2,8,clip,0.7081791322692081
189,3,2,12,retrain,0.27902910845596485
189,3,2,12,clip,0.6096469438063753
189,3,2,16,retrain,0.5519152545550562
189,3,2,16,clip,0.5519152545550562
190,3,0,2,retrain,1.0651415732019034
190,3,0,2,clip,1.0962741936432463
190,3,0,4,retrain,0.5658289960780641
190,3,0,4,clip,1.0034402866966141
190,3,0,8,retrain,0.26490464370675043
190,3,0,8,clip,0.6873057238834872
190,3,0,12,retrain,0.22836591128802616
190,3,0,12,clip,0.5888441537600708
190,3,0,16,retrain,0.5389340576945421
190,3,0,16,clip,0.5389340576945421
190,3,1,2,retrain,0.9632813067177385
190,3,1,2,clip,1.1336899919505488
190,3,1,4,retrain,0.5578693017959427
190,3,1,4,clip,1.0397077208210592
190,3,1,8,retrain,0.2410834041855081
190,3,1,8,clip,0.7092080357286141
190,3,1,12,retrain,0.2708367077407515
190,3,1,12,clip,0.6192859994487381
190,3,1,16,retrain,0.5694026398849996
190,3,1,16,clip,0.5694026398849996
190,3,2,2,retrain,1.0544888927186182
190,3,2,2,clip,1.1286797111207454
190,3,2,4,retrain,0.6094085779249324
190,3,2,4,clip,1.036371477799041
190,3,2,8,retrain,0.2542672646385579
190,3,2,8,clip,0.7058454606713872
190,3,2,12,retrain,0.24438105033095275
190,3,2,12,clip,0.6192170587980107
190,3,2,16,retrain,0.5686566793902669
190,3,2,16,clip,0.5686566793902669
191,3,0,2,retrain,1.0295770093708645
191,3,0,2,clip,1.1058802627008224
191,3,0,4,retrain,0.5730044530454657
191,3,0,4,clip,1.0374779809867885
191,3,0,8,retrain,0.31095927798866474
191,3,0,8,clip,0.6845750465978009
191,3,0,12,retrain,0.23206241645849135
191,3,0,12,clip,0.594106055400527
191,3,0,16,retrain,0.5490741458906123
191,3,0,16,clip,0.5490741458906123
191,3,1,2,retrain,0.9825444291882254
191,3,1,2,clip,1.124683677009812
191,3,1,4,retrain,0.6239275624322553
191,3,1,4,clip,1.0537332508363397
191,3,1,8,retrain,0.3133483473562269
191,3,1,8,clip,0.7082661718357923
191,3,1,12,retrain,0.3015059504491704
191,3,1,12,clip,0.6157461991520763
191,3,1,16,retrain,0.5708827177331409
191,3,1,16,clip,0.5708827177331409
191,3,2,2,retrain,0.941761277218378
191,3,2,2,clip,1.1443070480268995
191,3,2,4,retrain,0.6298371798310709
191,3,2,4,clip,1.0598291542772602
191,3,2,8,retrain,0.2888604699262767
191,3,2,8,clip,0.7163378446486262
191,3,2,12,retrain,0.2667318461549545
191,3,2,12,clip,0.6380607900735192
191,3,2,16,retrain,0.5892103802890224
191,3,2,16,clip,0.5892103802890224
192,-1,0,2,retrain,0.9494033731295638
192,-1,0,2,clip,1.0919780777620642
192,-1,0,4,retrain,0.5113905917049802
192,-1,0,4,clip,0.9062238922502656
192,-1,0,8,retrain,0.2752406507603008
192,-1,0,8,clip,0.6703575764262081
192,-1,0,12,retrain,0.22174523287450051
192,-1,0,12,clip,0.5972929327734154
192,-1,0,16,retrain,0.5586777214743243
192,-1,0,16,clip,0.5586777214743243
192,-1,1,2,retrain,1.051371973381191
192,-1,1,2,clip,1.169177133880054
192,-1,1,4,retrain,0.5593539167936262
192,-1,1,4,clip,1.0329932871275929
192,-1,1,8,retrain,0.335574313480659
192,-1,1,8,clip,0.8322234577036115
192,-1,1,12,retrain,0.3907709720857374
192,-1,1,12,clip,0.7719683479162212
192,-1,1,16,retrain,0.7281597408534867
192,-1,1,16,clip,0.7281597408534867
192,-1,2,2,retrain,1.0103381908161986
192,-1,2,2,clip,1.130904558985451
192,-1,2,4,retrain,0.5551758162332103
192,-1,2,4,clip,0.9982575520592714
192,-1,2,8,retrain,0.29863744966211914
192,-1,2,8,clip,0.7789557313079871
192,-1,2,12,retrain,0.2590265712766379
192,-1,2,12,clip,0.7211623253042385
192,-1,2,16,retrain,0.6791246656905235
192,-1,2,16,clip,0.6791246656905235
193,3,0,2,retrain,1.0322175880957265
193,3,0,2,clip,1.0904970792546587
193,3,0,4,retrain,0.575419712500035
193,3,0,4,clip,1.025312520581816
193,3,0,8,retrain,0.3115530862818596
193,3,0,8,clip,0.6528597824102417
193,3,0,12,retrain,0.22124926325276822
193,3,0,12,clip,0.5554794083957577
193,3,0,16,retrain,0.5089156382192244
193,3,0,16,clip,0.5089156382192244
193,3,1,2,retrain,0.9545987929614727
193,3,1,2,clip,1.1207846589985915
193,3,1,4,retrain,0.6016228105815022
193,3,1,4,clip,1.047048874813858
193,3,1,8,retrain,0.26277316801262207
193,3,1,8,clip,0.7066173562549299
193,3,1,12,retrain,0.29632218868290316
193,3,1,12,clip,0.6020485580613073
193,3,1,16,retrain,0.5572894743571736
193,3,1,16,clip,0.5572894743571736
193,3,2,2,retrain,0.9368903548597398
193,3,2,2,clip,1.1278653170814683
193,3,2,4,retrain,0.5899367390407327
193,3,2,4,clip,1.0639242995086622
193,3,2,8,retrain,0.2650234919936473
193,3,2,8,clip,0.6876393917932441
193,3,2,12,retrain,0.22935089677852089
193,3,2,12,clip,0.5905303952985738
193,3,2,16,retrain,0.5416907977375918
193,3,2,16,clip,0.5416907977375918
194,4,0,2,retrain,1.083997150487591
194,4,0,2,clip,1.0853065583783192
194,4,0,4,retrain,0.6646301030382737
194,4,0,4,clip,1.0681009840389246
194,4,0,8,retrain,0.3832755160857752
194,4,0,8,clip,0.66273452395031
194,4,0,12,retrain,0.3076452112283564
194,4,0,12,clip,0.5376611175228958
194,4,0,16,retrain,0.47135042926247983
194,4,0,16,clip,0.47135042926247983
194,4,1,2,retrain,0.9376069722513922
194,4,1,2,clip,1.1182534779843176
194,4,1,4,retrain,0.6351202546387795
194,4,1,4,clip,1.0987765286438809
194,4,1,8,retrain,0.3502698750176651
194,4,1,8,clip,0.689695436556141
194,4,1,12,retrain,0.3270537316562173
194,4,1,12,clip,0.5577558319212566
194,4,1,16,retrain,0.48870264664474855
194,4,1,16,clip,0.48870264664474855
194,4,2,2,retrain,0.9547395983677842
194,4,2,2,clip,1.1290574803359845
194,4,2,4,retrain,0.6092638545249548
194,4,2,4,clip,1.1078456636602456
194,4,2,8,retrain,0.3752438013814074
194,4,2,8,clip,0.6930288103828632
194,4,2,12,retrain,0.33173572351505
194,4,2,12,clip,0.5770146285921147
194,4,2,16,retrain,0.5054223702432693
194,4,2,16,clip,0.5054223702432693
195,4,0,2,retrain,1.0111211688902735
195,4,0,2,clip,1.1198835485548864
195,4,0,4,retrain,0.6731912043464682
195,4,0,4,clip,1.0997787521553586
195,4,0,8,retrain,0.3429058530660184
195,4,0,8,clip,0.6957420083979725
195,4,0,12,retrain,0.27282384577376106
195,4,0,12,clip,0.5585776863362423
195,4,0,16,retrain,0.4882900468405829
195,4,0,16,clip,0.4882900468405829
195,4,1,2,retrain,0.9072823364515304
195,4,1,2,clip,1.1743656801382725
195,4,1,4,retrain,0.620497155641499
195,4,1,4,clip,1.1542073641393713
195,4,1,8,retrain,0.3062554463038068
195,4,1,8,clip,0.6908274519907284
195,4,1,12,retrain,0.27641961867983394
195,4,1,12,clip,0.5684342942506686
195,4,1,16,retrain,0.4995110240945891
195,4,1,16,clip,0.4995110240945891
195,4,2,2,retrain,0.9798534847972272
195,4,2,2,clip,1.1793000238742022
195,4,2,4,retrain,0.6343224037301706
195,4,2,4,clip,1.1351802044012462
195,4,2,8,retrain,0.3118031121061864
195,4,2,8,clip,0.6537947540090321
195,4,2,12,retrain,0.2851183552250011
195,4,2,12,clip,0.5279893176886933
195,4,2,16,retrain,0.45199690451646385
195,4,2,16,clip,0.45199690451646385
196,-2,0,2,retrain,1.0049929340142247
196,-2,0,2,clip,1.046858794221109
196,-2,0,4,retrain,0.4859558212729739
196,-2,0,4,clip,0.9751947219266981
196,-2,0,8,retrain,0.24965958883550574
196,-2,0,8,clip,0.7162530040035116
196,-2,0,12,retrain,0.22309665300335613
196,-2,0,12,clip,0.6406033209361748
196,-2,0,16,retrain,0.6020518408395824
196,-2,0,16,clip,0.6020518408395824
196,-2,1,2,retrain,1.0136086626088994
196,-2,1,2,clip,1.0942323106780878
196,-2,1,4,retrain,0.4881050636151309
196,-2,1,4,clip,1.018276112393224
196,-2,1,8,retrain,0.226681383595446
196,-2,1,8,clip,0.7142027247517192
196,-2,1,12,retrain,0.27935150242593154
196,-2,1,12,clip,0.643587556386668
196,-2,1,16,retrain,0.6035039473522436
196,-2,1,16,clip,0.6035039473522436
196,-2,2,2,retrain,1.0627462891493404
196,-2,2,2,clip,1.0822398651192964
196,-2,2,4,retrain,0.5299788703764602
196,-2,2,4,clip,1.0139796347580587
196,-2,2,8,retrain,0.23637894683669883
196,-2,2,8,clip,0.726619158112714
196,-2,2,12,retrain,0.21863636594416375
196,-2,2,12,clip,0.6500775421626732
196,-2,2,16,retrain,0.6100539978147502
196,-2,2,16,clip,0.6100539978147502
197,2,0,2,retrain,1.198452598701232
197,2,0,2,clip,1.0212619677927235
197,2,0,4,retrain,0.5825089817053696
197,2,0,4,clip,0.9376519811916869
197,2,0,8,retrain,0.25178450363623794
197,2,0,8,clip,0.7007061565446744
197,2,0,12,retrain,0.22198030174959352
197,2,0,12,clip,0.6355890021130288
197,2,0,16,retrain,0.5977111364936373
197,2,0,16,clip,0.5977111364936373
197,2,1,2,retrain,0.9808412093456629
197,2,1,2,clip,1.0686315075611448
197,2,1,4,retrain,0.5049015427193616
197,2,1,4,clip,0.967917811398866
197,2,1,8,retrain,0.24763178913146486
197,2,1,8,clip,0.7066344438836843
197,2,1,12,retrain,0.2800667617172434
197,2,1,12,clip,0.6329357362936409
197,2,1,16,retrain,0.5900578529175374
197,2,1,16,clip,0.5900578529175374
197,2,2,2,retrain,1.0300266080082252
197,2,2,2,clip,1.0464844504297304
197,2,2,4,retrain,0.5151765550893631
197,2,2,4,clip,0.9409870156765532
197,2,2,8,retrain,0.25957085508057787
197,2,2,8,clip,0.680650329909263
197,2,2,12,retrain,0.2211825426911316
197,2,2,12,clip,0.6137262753651457
197,2,2,16,retrain,0.5720796095184966
197,2,2,16,clip,0.5720796095184966
198,-2,0,2,retrain,1.0125158114106216
198,-2,0,2,clip,1.0433664655791257
198,-2,0,4,retrain,0.5089413653435534
198,-2,0,4,clip,0.9456031999323673
198,-2,0,8,retrain,0.23001906048590468
198,-2,0,8,clip,0.6938032831379154
198,-2,0,12,retrain,0.2154859425672288
198,-2,0,12,clip,0.6166302321197256
198,-2,0,16,retrain,0.572637371526076
198,-2,0,16,clip,0.572637371526076
198,-2,1,2,retrain,1.0225398808443398
198,-2,1,2,clip,1.0618289970790038
198,-2,1,4,retrain,0.5028601895569679
198,-2,1,4,clip,0.9697459044828637
198,-2,1,8,retrain,0.261296821930143
198,-2,1,8,clip,0.7081512373125703
198,-2,1,12,retrain,0.29552178898247927
198,-2,1,12,clip,0.640840384351044
198,-2,1,16,retrain,0.597716598023233
198,-2,1,16,clip,0.597716598023233
198,-2,2,2,retrain,1.0730988971178137
198,-2,2,2,clip,1.102540494246967
198,-2,2,4,retrain,0.4994123211621276
198,-2,2,4,clip,1.004492730283118
198,-2,2,8,retrain,0.20980059399757914
198,-2,2,8,clip,0.7481210956907149
198,-2,2,12,retrain,0.2494085733482348
198,-2,2,12,clip,0.6763956898245568
198,-2,2,16,retrain,0.6310368818977662
198,-2,2,16,clip,0.6310368818977662
199,-1,0,2,retrain,1.1302537945723181
199,-1,0,2,clip,1.0168782599992165
199,-1,0,4,retrain,0.4243017342075605
199,-1,0,4,clip,0.9186665692180302
199,-1,0,8,retrain,0.23562810144168392
199,-1,0,8,clip,0.7187109415598248
199,-1,0,12,retrain,0.21361704687980784
199,-1,0,12,clip,0.6680186443917684
199,-1,0,16,retrain,0.6324376220437268
199,-1,0,16,clip,0.6324376220437268
199,-1,1,2,retrain,1.086213536727903
199,-1,1,2,clip,1.0725477924774478
199,-1,1,4,retrain,0.5223298074795462
199,-1,1,4,clip,0.9502842384529477
199,-1,1,8,retrain,0.23250578287163134
199,-1,1,8,clip,0.7668060065759653
199,-1,1,12,retrain,0.31408926954497446
199,-1,1,12,clip,0.7196527135337549
199,-1,1,16,retrain,0.6813947423351234
199,-1,1,16,clip,0.6813947423351234
199,-1,2,2,retrain,1.125574559312996
199,-1,2,2,clip,1.1250620051681313
199,-1,2,4,retrain,0.4961129826948662
199,-1,2,4,clip,1.044962347602219
199,-1,2,8,retrain,0.21812377691983423
199,-1,2,8,clip,0.8574433625319319
199,-1,2,12,retrain,0.26697742509469036
199,-1,2,12,clip,0.8024681511803814
199,-1,2,16,retrain,0.7601630906674548
199,-1,2,16,clip,0.7601630906674548
